"","date","MSFT","XOM","GE","JPM","INTC","C"
"1",20150102,0.006674,0.00411,-0.00831,0.004954,0.001929,0.002772
"2",20150105,-0.009303,-0.027362,-0.018356,-0.031045,-0.011276,-0.031515
"3",20150106,-0.014571,-0.005316,-0.021545,-0.025929,-0.018637,-0.035205
"4",20150107,0.012705,0.010133,0.000415,0.001526,0.020975,0.00927
"5",20150108,0.029418,0.016645,0.012043,0.022346,0.018601,0.015048
"6",20150109,-0.008405,-0.00141,-0.013952,-0.017387,0.001908,-0.022333
"7",20150112,-0.012503,-0.019218,-0.002081,-0.008595,-0.004353,-0.007877
"8",20150113,-0.005257,-0.003653,-0.005004,0.00017,-0.002732,-0.007146
"9",20150114,-0.008629,-0.002889,-0.003353,-0.0345,-0.00411,-0.019392
"10",20150115,-0.010336,-0.008692,-0.00841,-0.032037,-0.004402,-0.037105
"11",20150116,0.016711,0.024281,0.000424,0.017094,0.007184,0.008046
"12",20150120,0.003244,-0.000329,0.011022,-0.003934,-0.009877,-0.007351
"13",20150121,-0.010132,0.008563,0.007966,0.003231,0.010806,0.010157
"14",20150122,0.02635,0.010885,0.009983,0.030417,0.011787,0.038333
"15",20150123,0.001061,-0.02132,0.008237,-0.015801,-0.012598,-0.019165
"16",20150126,-0.003603,0.009572,0.004493,0.001588,-0.017561,0.005553
"17",20150127,-0.092533,-0.008827,-0.00854,-0.010041,-0.045245,-0.011863
"18",20150128,-0.034459,-0.032985,-0.022149,-0.025801,-0.011994,-0.02484
"19",20150129,0.019908,-0.004207,0.010067,0.016804,0.012879,0.011038
"20",20150130,-0.038324,-0.001827,-0.00789,-0.023172,-0.0342,-0.01407
"21",20150202,0.021782,0.024708,0.013395,0.020044,0.018462,0.0164
"22",20150203,0.007752,0.029806,0.010739,0.022535,0.001486,0.024308
"23",20150204,0.005769,-0.008564,-0.012669,-0.005994,0.004154,-0.00982
"24",20150205,0.014579,0.00984,0.014073,0.006917,0.010119,0.002893
"25",20150206,-0.000942,-0.001841,0.000816,0.019729,-0.019004,0.012361
"26",20150209,-0.001179,0.000656,0.004894,-0.001209,-0.010963,0.001424
"27",20150210,0.005666,-0.006007,0.003247,0.011069,0.023383,0.003658
"28",20150211,-0.005164,-0.004505,0.002023,-0.00154,-0.004451,0.005872
"29",20150212,0.016753,0.019536,0.004845,0.020559,0.017139,0.024356
"30",20150213,0.018102,0.010826,0.010446,0.001679,0.006886,0.006092
"31",20150217,0.000456,-0.003427,0.000795,0.007206,0.010914,0.00957
"32",20150218,-0.001147,-0.021924,0.003178,-0.012146,-0.013531,-0.005223
"33",20150219,-0.000689,-0.017251,-0.000396,-0.002358,-0.001605,-0.005834
"34",20150220,0.008161,0.005367,0.007997,0.009623,0.005846,0.012911
"35",20150223,0.006727,-0.01012,-0.001587,-0.007525,-0.01889,-0.008884
"36",20150224,-0.001359,0.004606,0.008741,0.024768,0.019254,0.011302
"37",20150225,-0.002268,0.002013,0.020481,0.005261,-0.013514,0.003661
"38",20150226,0.001478,-0.010603,-0.000772,0.007197,-0.00869,0.006143
"39",20150227,-0.004653,-0.001241,0.003863,-0.004872,-0.011887,0.000191
"40",20150302,0.000684,-0.005647,0.004617,0.007996,0.024361,0.020412
"41",20150303,-0.013674,-0.004771,-0.009575,0.003238,0.001028,0.004487
"42",20150304,-0.005199,-0.005022,-0.007734,0.002582,0.000733,-0.001117
"43",20150305,0.001277,-0.005047,0.006235,-0.002092,-0.01143,-0.00205
"44",20150306,-0.017397,-0.012797,-0.015492,-0.017903,-0.01601,-0.009335
"45",20150309,0.011567,-0.005489,0.008655,0.010018,-0.014161,-0.002073
"46",20150310,-0.019137,-0.010568,-0.018331,-0.025041,-0.031174,-0.032483
"47",20150311,-0.00119,-0.002848,0.000795,0.00467,0.019874,0.021472
"48",20150312,-0.022868,0.00238,0.008337,0.018758,-0.047325,0.033442
"49",20150313,0.008776,-0.004156,-0.014173,-0.006029,0.004221,-0.009985
"50",20150316,0.00435,0.010612,0.016374,0.013934,-0.003233,0.002802
"51",20150317,0.003248,-0.008023,-0.005501,-0.00388,-0.007785,0.002794
"52",20150318,0.019307,0.023668,0.013038,0.002272,0.009807,-0.002229
"53",20150319,-0.005059,-0.019287,-0.01209,-0.008907,-0.004856,-0.024944
"54",20150320,0.014071,0.00154,0.002764,0.008987,0.018543,0.011455
"55",20150323,-0.000583,0.010528,0.002756,-0.009879,-0.003513,-0.009438
"56",20150324,0.00105,-0.010652,-0.007852,-0.011122,-0.013141,-0.01029
"57",20150325,-0.033566,0.004023,-0.014246,-0.014059,-0.02923,-0.010782
"58",20150326,-0.00603,-0.006363,-0.004416,-0.001174,0.006357,-0.003698
"59",20150327,-0.005824,-0.008776,0.002419,0.000168,0.06383,-0.003712
"60",20150330,-0.000244,0.024527,0.010459,0.023678,-0.016875,0.012549
"61",20150331,-0.007446,-0.007357,-0.012341,-0.006234,-0.006039,-0.002324
"62",20150401,0.001599,-0.006353,0.001209,-0.003797,-0.014711,0.001941
"63",20150402,-0.01056,-0.001894,0.004026,0.009508,0,0.004649
"64",20150406,0.031149,0.009846,0.009623,-0.000826,0.007465,-0.004628
"65",20150407,-0.000361,0.007283,-0.006354,0.006284,0.007088,-0.001937
"66",20150408,-0.002649,-0.019708,-4e-04,0.003287,0.001599,0.007182
"67",20150409,0.001449,0.007019,0.028788,0.00688,-0.002236,0.004625
"68",20150410,0.005786,0.01075,0.108045,0.003742,0.022087,0.005755
"69",20150413,0.000959,-0.002571,-0.030866,0.005997,-0.006264,0.004387
"70",20150414,-0.002634,0.015116,0.003619,0.015628,-0.007564,0.001329
"71",20150415,0.014526,0.016738,-0.009737,0.01856,0.042553,0.009103
"72",20150416,-0.002248,-0.003974,-0.006555,-0.00623,0.001218,0.015223
"73",20150417,-0.012927,-0.009119,-0.0011,-0.015201,-0.012169,-0.017586
"74",20150420,0.030998,0.003566,-0.00844,0.006365,0.008007,0.00245
"75",20150421,-0.006293,-0.004127,-0.014804,-0.014706,-0.009166,-0.013534
"76",20150422,0.008209,0.006676,0.010894,0.010111,0.008326,0.011814
"77",20150423,0.008259,0.000915,-0.00223,-0.002224,-0.010703,0.00226
"78",20150424,0.104522,-0.006511,-0.001862,-0.003185,-0.008346,-0.006013
"79",20150427,0.003342,0.00046,0.002985,-0.004153,0.013092,-0.00189
"80",20150428,0.023423,0.009079,0.008929,0.006737,0.016,0.004167
"81",20150429,-0.001933,0.000797,-0.001106,0.013384,-0.004088,0.013957
"82",20150430,-0.008561,-0.00569,-0.000369,-0.005346,-0.010187,-0.008184
"83",20150501,0.000308,0.016939,0.008493,0.005533,0.026728,0.008252
"84",20150504,-0.008529,0.002926,-0.001465,0.01745,0.000299,0.007626
"85",20150505,-0.013267,-0.005611,-0.012835,-0.004944,-0.016452,-0.015138
"86",20150506,-0.027731,-0.00474,-0.004086,-0.007453,-0.012868,-0.009934
"87",20150507,0.009075,-0.00669,0.008579,0.009074,0.000776,0.010223
"88",20150508,0.022484,0.015868,0.011834,0.015349,0.017212,0.013318
"89",20150511,-0.007958,-0.016631,-0.016082,-0.000611,-0.003354,-0.000926
"90",20150512,-0.000422,0.002766,0.004086,-0.001375,-0.01346,-0.004262
"91",20150513,0.005808,-0.005286,0.006659,0.002448,0.012093,0.00856
"92",20150514,0.022992,0.004737,0.00735,0.008089,0.01011,0.00738
"93",20150515,-0.008723,0.004369,-0.005108,-0.002574,0.000607,-0.006593
"94",20150518,-0.005901,-0.005724,0.001467,0.008197,0.012731,0.007928
"95",20150519,-0.002499,0.001612,0.001465,0.008883,-0.007782,0.012073
"96",20150520,0,0.001609,0.010603,-0.007909,0.006636,-0.007952
"97",20150521,-0.003363,0.000918,0.002894,0.002557,0.005394,-0.000911
"98",20150522,-0.010966,-0.007912,-0.001443,-0.002701,-0.002981,0.002371
"99",20150526,-0.00661,-0.013523,-0.00578,-0.011133,-0.010314,-0.01328
"100",20150527,0.021893,-0.002812,0,0.011258,0.018275,0.011615
"101",20150528,-0.003361,0,0.003997,-0.004062,0.008899,-0.005832
"102",20150529,-0.012434,0.001057,-0.013029,-0.006344,0.013231,-0.008616
"103",20150601,0.007896,-0.000822,0.000367,0.004561,-0.016106,0.006842
"104",20150602,-0.006564,0.000117,0.001833,-0.000908,-0.018729,0.004959
"105",20150603,-0.001492,-0.002232,0.007318,0.0103,-0.016231,0.01663
"106",20150604,-0.010459,-0.008593,-0.009807,-0.005547,-0.012832,-0.005393
"107",20150605,-0.004745,0.000712,0.001101,0.016433,-0.014547,0.016447
"108",20150608,-0.008886,0.006763,-0.001832,-0.007861,-0.01696,-0.010491
"109",20150609,-0.001749,-0.003182,0.003304,0.004335,-0.001597,0.006289
"110",20150610,0.02103,0.007449,0.010977,0.016076,0.01824,0.018214
"111",20150611,-0.003647,-0.001408,-0.004343,0.003809,0.000943,0.003332
"112",20150612,-0.010121,-0.012575,-0.004362,-0.00394,-0.016641,-0.001748
"113",20150615,-0.010768,-0.003571,-0.006572,-0.00381,0.002235,-0.008055
"114",20150616,0.007807,0.011467,0.000368,0.005589,0.007805,0.007414
"115",20150617,0.003055,0.00059,0.001837,-0.003364,0.009957,-0.009287
"116",20150618,0.016315,0.008852,0.012101,0.009392,0.013459,0.003891
"117",20150619,-0.013271,-0.003159,-0.00475,-0.010177,-0.009574,-0.009338
"118",20150622,0.00282,-0.000469,0.006608,0.012926,0.005924,0.012805
"119",20150623,-0.006922,-0.001174,0.004741,0.011456,-0.005425,0.007726
"120",20150624,-0.00599,-0.004584,-0.010526,-0.010466,-0.005454,-0.01272
"121",20150625,0.000329,-0.008857,-0.00807,-0.005361,0.002507,-0.008295
"122",20150626,-0.008543,-0.000834,0.001849,0.00437,-0.030322,0.00267
"123",20150629,-0.019664,-0.012402,-0.016611,-0.025381,-0.02031,-0.025914
"124",20150630,-0.004958,0.004588,-0.002628,0.008333,0.000823,0.00656
"125",20150701,0.006682,-0.009976,0.003387,0.011068,-0.007726,0.007965
"126",20150702,-0.001012,0.009348,0.004501,-0.00808,0.012425,-0.005568
"127",20150706,-0.000225,-0.007337,-0.01755,-0.002814,-0.016855,-0.005237
"128",20150707,-0.002027,0.00412,0.006081,-0.007872,-0.00466,-0.01053
"129",20150708,-0.001354,-0.01086,-0.021912,-0.020509,-0.013378,-0.031193
"130",20150709,0.006329,-0.004514,0.005021,0.010393,-0.019322,0.017235
"131",20150710,0.002022,0.007598,0.009608,0.014219,0.008296,0.015826
"132",20150713,0.020847,0.002432,0.007613,0.015511,0.019198,0.017962
"133",20150714,0.001757,0.008372,0.007178,0.013952,-0.002691,0.006662
"134",20150715,0.003069,-0.004211,0.004126,0.002173,0.001349,0.009837
"135",20150716,0.019668,0.001812,0.010086,0.005348,0.007073,0.037726
"136",20150717,-0.000857,-0.003618,0.007396,-0.005032,-0.014381,0.002731
"137",20150720,0.006435,-0.010289,-0.003671,0.000722,-0.012555,0.001702
"138",20150721,0.007673,-0.001223,-0.010685,-0.00231,-0.013058,0.004248
"139",20150722,-0.036802,0.001592,-0.008194,0.014182,-0.004004,0.020981
"140",20150723,0.012516,-0.007947,-0.013894,-0.006279,-0.00035,-0.007789
"141",20150724,-0.003687,-0.014789,-0.019421,-0.010482,-0.01871,-0.019542
"142",20150727,-0.012843,-0.008506,0.007767,-0.013061,0.010335,-0.012607
"143",20150728,-0.00022,0.040626,0.00578,0.000588,0.021517,0.007074
"144",20150729,0.020953,0.008002,0.00613,0.013079,0.001727,0.009423
"145",20150730,0.012746,-0.001564,-0.005331,0.001451,-0.003447,0.00017
"146",20150731,-0.00384,-0.045778,-0.000766,-0.007387,0.001384,-0.007133
"147",20150803,0.002355,-0.014518,-0.008812,0,0.003454,-0.000342
"148",20150804,0.015595,-0.011401,0.00116,-0.001021,0.002754,0.000513
"149",20150805,0.000841,0,0.007722,0.003944,0.007896,0.004618
"150",20150806,-0.020177,0.011922,-0.002682,-0.006984,-0.003777,-0.010896
"151",20150807,0.002574,-0.016135,-0.00922,-0.00293,-0.004481,-0.00327
"152",20150810,0.012623,0.02499,0.017449,0.012344,0.026316,0.014333
"153",20150811,-0.019438,-0.00673,-0.020198,-0.00958,-0.022605,-0.018727
"154",20150812,0.007111,0.016776,0.005834,-0.01451,0.016914,-0.012665
"155",20150813,-0.000214,-0.001777,-0.002707,0.00461,-0.020027,0.00738
"156",20150814,0.005778,-0.003687,0.011245,0.005033,0.005196,0.004535
"157",20150817,0.006809,0.005232,0.004985,0.002651,0.002068,0.003126
"158",20150818,0.005495,-0.011045,-0.005341,0.002057,-0.005846,-0.003808
"159",20150819,-0.013962,-0.021438,-0.013042,-0.008943,-0.019025,-0.009557
"160",20150820,-0.020382,-0.021776,-0.020987,-0.024556,-0.029267,-0.029298
"161",20150821,-0.056724,-0.032721,-0.023819,-0.035487,-0.035234,-0.031267
"162",20150824,-0.032273,-0.047276,-0.02928,-0.052673,-0.011672,-0.060821
"163",20150825,-0.029031,-0.000146,-0.025136,-0.005643,-0.014476,-0.009138
"164",20150826,0.05535,0.055159,0.031801,0.050075,0.055276,0.048115
"165",20150827,0.027862,0.032414,0.041649,0.024956,0.015385,0.022188
"166",20150828,0.000683,0.002939,0.005998,-0.005428,0.025253,-0.002994
"167",20150831,-0.009333,0.002265,-0.013514,-0.000468,0.004222,0.003754
"168",20150901,-0.039063,-0.041999,-0.037873,-0.041342,-0.025228,-0.047494
"169",20150902,0.036825,0.015955,0.028894,0.018226,0.028037,0.015901
"170",20150903,0.003229,0.007647,-0.002442,0.001758,0.016783,0.000773
"171",20150904,-0.02046,-0.018024,-0.020808,-0.018826,-0.019257,-0.023171
"172",20150908,0.03004,0.014353,0.04,0.026992,0.034362,0.020953
"173",20150909,-0.018683,-0.020408,-0.016426,-0.015516,-0.008814,-0.014908
"174",20150910,0.005108,0.007222,0.005295,0.00772,0.001026,0.003734
"175",20150911,0.004389,0.002344,0.01094,-0.001596,0.006833,0.000587
"176",20150914,-0.01012,-0.002751,-0.007214,-0.002877,-0.002715,-0.002348
"177",20150915,0.02184,0.005104,0.021397,0.019237,0.011569,0.020008
"178",20150916,0.007276,0.019764,0.024901,0.008808,0.001345,0.011346
"179",20150917,-0.001129,0.002153,-0.013498,-0.02323,-0.002015,-0.017874
"180",20150918,-0.017401,-0.023905,-0.021696,-0.027295,-0.023224,-0.026331
"181",20150921,0.014489,0.009769,0.011694,0.008369,0.004824,0.008352
"182",20150922,-0.004761,-0.008857,0.000797,-0.008788,-0.016804,-0.006508
"183",20150923,-0.000683,-0.006049,0.001195,-0.004433,0.002442,-0.005161
"184",20150924,0.000912,0.005947,-0.009149,-0.006926,-0.009047,-0.019753
"185",20150925,0.000683,0.006875,0.000401,0.020757,0.011587,0.028903
"186",20150928,-0.014793,-0.008603,-0.024478,-0.024239,-0.001735,-0.030069
"187",20150929,0.003465,0.005096,0.010695,-0.002334,0.01669,-0.000612
"188",20150930,0.018877,0.018912,0.026455,0.018884,0.03078,0.012449
"189",20151001,0.007908,-0.0039,-0.001189,0.007381,-0.004645,0.005644
"190",20151002,0.02152,0.024575,0.011115,-0.002768,0.017,-2e-04
"191",20151005,0.023261,0.012256,0.053004,0.019898,0.022943,0.025662
"192",20151006,0.002573,0.014061,0.017524,0.000484,0.016982,-0.001955
"193",20151007,0.00107,0.016819,0.017589,0.001289,0.018116,0.005092
"194",20151008,0.013889,0.01048,0.009363,0,0.006344,0.00643
"195",20151009,-0.007165,-0.009621,0.001427,-0.003219,-0.011685,-0.005228
"196",20151012,-0.002335,0.000505,0.000713,-0.003391,0.002178,-0.001946
"197",20151013,-0.00234,-0.001765,-0.007832,-0.002754,-0.005278,-0.001365
"198",20151014,-0.004479,0.012633,-0.009688,-0.025345,0.02372,-0.009568
"199",20151015,0.007069,0.016467,0.01558,0.031672,-0.001524,0.044361
"200",20151016,0.010636,0.012273,0.033892,0.008725,0.008855,-0.005286
"201",20151019,0.002315,-0.018065,0.000345,-0.003364,0.016646,0.003226
"202",20151020,0.00315,-0.001976,-0.007244,0.004822,-0.004466,-0.000378
"203",20151021,-0.011932,-0.00767,0.002432,-0.007358,-0.002093,-0.019493
"204",20151022,0.017585,0.033412,0.025303,0.018208,0.030866,0.013511
"205",20151023,0.10077,0.001086,-0.002366,0.010761,0.014535,0.02152
"206",20151026,0.026102,-0.02121,0.001355,0.00047,-0.008883,-0.009881
"207",20151027,-0.010323,-0.001601,-0.003046,-0.004069,-0.003469,-0.009414
"208",20151028,0.005401,0.014675,-0.002376,0.029227,0.006963,0.040297
"209",20151029,-0.011486,-0.000608,-0.001701,-0.004427,-0.019591,-0.018637
"210",20151030,-0.013493,0.006202,-0.014315,-0.014722,-0.004996,-0.009132
"211",20151102,0.011398,0.030699,0.016597,0.020078,0.007383,0.012413
"212",20151103,0.017092,0.01841,0.006463,0.003662,0.005863,0.00613
"213",20151104,0.004617,-0.010017,-0.00169,0.001064,0.002332,-0.006093
"214",20151105,-0.000368,-0.013608,0.003385,0.00896,-0.004392,0.005945
"215",20151106,0.00993,-0.004009,0.009447,0.030403,-0.004706,0.031764
"216",20151109,-0.013838,-0.021191,-0.005682,-0.01563,-0.01448,-0.002864
"217",20151110,-0.012002,0.004881,0.012437,0.004303,-0.004198,0.001616
"218",20151111,0.002616,-0.008865,0.01826,-0.004876,-0.010539,-0.016129
"219",20151112,-0.006151,-0.027077,-0.016629,-0.020045,-0.013999,-0.02623
"220",20151113,-0.009002,-0.016497,0.003979,-0.006667,-0.008951,-0.005425
"221",20151116,0.017506,0.035852,0.002642,0.014491,-0.000311,0.00978
"222",20151117,-0.008091,-0.011619,-0.001318,-0.005713,0.016822,-0.003725
"223",20151118,0.016613,0.009755,0.006596,0.019961,0.015931,0.027856
"224",20151119,0.001671,-0.00545,-0.008191,0.003114,0.034379,0.001455
"225",20151120,0.004635,-0.006351,0.012884,-0.001774,0.010496,-0.00563
"226",20151123,0,0.006141,-0.002283,-0.009772,-0.005193,-0.008584
"227",20151124,0.001107,0.01993,0.002288,-0.001495,-0.00348,-0.001842
"228",20151125,-0.010323,-0.007694,-0.009785,0.001198,0.002619,-0.001846
"229",20151127,0.00447,-0.000246,0,0.004637,0.00029,0.002404
"230",20151130,0.007788,0.005294,-0.013834,-0.007295,0.008996,-0.002214
"231",20151201,0.016007,0.002817,0.007682,0.013947,0.009203,0.014605
"232",20151202,-0.000181,-0.028575,-0.006629,-0.014051,-0.007409,-0.013484
"233",20151203,-0.018294,-0.014331,0.002002,-0.012901,-0.022682,-0.011637
"234",20151204,0.03155,0.005739,0.015318,0.031763,0.026293,0.029527
"235",20151207,-0.001789,-0.026122,-0.003936,-0.013109,0.001431,-0.012525
"236",20151208,-0.000358,-0.028255,-0.005927,-0.015522,-0.006717,-0.018566
"237",20151209,-0.014519,0.013399,0.009275,-0.00758,0.001727,-0.010863
"238",20151210,0.005275,0.000793,0.005907,0.002291,-0.001149,-0.00303
"239",20151211,-0.021893,-0.017836,-0.012724,-0.023472,-0.01438,-0.02925
"240",20151214,0.019978,0.022733,0,0.003122,0.005836,-0.000196
"241",20151215,0.001088,0.044719,0.001983,0.028474,0.020598,0.027789
"242",20151216,0.016848,-0.003525,0.021768,0.021634,0.003411,0.026276
"243",20151217,-0.007661,-0.015035,-0.006456,-0.01851,-0.011048,-0.019666
"244",20151218,-0.028187,-0.008722,-0.008838,-0.028364,-0.029934,-0.030848
"245",20151221,0.012932,-0.000259,0.003963,0.017702,0.011073,0.011326
"246",20151222,0.009484,0.005048,0.002961,0.002136,0.014311,0.004248
"247",20151223,0.008491,0.032711,0.015087,0.015987,0.007774,0.011921
"248",20151224,-0.002687,-0.010725,-0.003877,-0.001948,-0.000571,0.00152
"249",20151228,0.00503,-0.007437,0.002271,-0.003303,-0.001429,-0.006261
"250",20151229,0.010724,0.005334,0.012298,0.010395,0.014601,0.011455
"251",20151230,-0.004244,-0.013264,-0.007353,-0.007157,-0.012697,-0.012835
"252",20151231,-0.01474,-0.002048,0.003221,-0.00841,-0.015433,-0.010516
"253",20160104,-0.012257,-0.006286,-0.014125,-0.029835,-0.013353,-0.011981
"254",20160105,0.004562,0.008521,0.000977,0.001729,-0.004707,-0.005281
"255",20160106,-0.018165,-0.008321,-0.01594,-0.014436,-0.02217,-0.01455
"256",20160107,-0.034783,-0.016006,-0.042314,-0.040439,-0.037485,-0.051077
"257",20160108,0.003067,-0.020202,-0.01795,-0.022399,-0.010364,-0.030067
"258",20160111,-0.000573,-0.013389,0.004569,-0.001527,0.017455,0.015608
"259",20160112,0.009178,0.020491,0.002099,0.00221,0.019339,0.00064
"260",20160113,-0.021599,0.005984,-0.013966,-0.027476,-0.023562,-0.03605
"261",20160114,0.028466,0.045869,0.029037,0.014998,0.026011,0.004205
"262",20160115,-0.039917,-0.019464,-0.019615,-0.019931,-0.09102,-0.064125
"263",20160119,-0.008433,-0.01521,0,-0.000526,0.001344,-0.012479
"264",20160120,0.004549,-0.042147,-0.017199,-0.026311,-0.007047,-0.034573
"265",20160121,-0.006104,0.012572,0.021071,-0.004684,0.002366,-0.008397
"266",20160122,0.035856,0.033333,-0.012242,0.030769,0.008935,0.022665
"267",20160125,-0.009562,-0.033825,-0.007082,-0.022651,-0.01086,-0.036775
"268",20160126,0.007337,0.036767,0.009629,0.025512,0.011486,0.02402
"269",20160127,-0.01821,-0.018383,-0.01095,-0.000701,-0.004342,0.001482
"270",20160128,0.016302,0.022579,0.0075,0.004208,0.005367,-0.002959
"271",20160129,0.058304,0.01117,0.031549,0.038757,0.035035,0.054221
"272",20160201,-0.006898,-0.020039,-0.015808,-0.010756,-0.006447,-0.002349
"273",20160202,-0.031256,-0.022283,-0.013966,-0.031091,-0.033095,-0.048493
"274",20160203,-0.015849,0.052152,0.015227,0.006663,-0.006711,-0.001484
"275",20160204,-0.003067,0.017202,0.017789,0.017244,0.014656,0.010654
"276",20160205,-0.035385,0.003132,-0.021933,-0.01113,-0.024521,-0.0228
"277",20160208,-0.014952,0.013487,-0.012964,-0.020952,-0.007576,-0.05143
"278",20160209,-0.002631,-0.004312,0.003905,-0.006013,-0.000347,-0.007934
"279",20160210,0.008726,-0.009116,0.000707,-0.0121,-0.020132,-0.002666
"280",20160211,-0.000402,0.003151,-0.030035,-0.044128,-0.000354,-0.064956
"281",20160212,0.016301,0.017965,0.029508,0.083286,0.014883,0.073185
"282",20160216,0.018812,0.002345,0.021231,0.014959,0.004888,0.035962
"283",20160217,0.026032,0.009604,0.016632,0.007198,0.023975,0.022885
"284",20160218,-0.004388,0.005488,-0.008862,-0.016335,-0.001697,-0.021619
"285",20160219,-0.007089,0.000606,-0.002063,0.000173,-0.024133,0.001799
"286",20160222,0.016017,-0.001333,0.013439,0.012971,0.022292,0.013593
"287",20160223,-0.02792,-0.014079,-0.00646,-0.04183,-0.018739,-0.032895
"288",20160224,0.003517,0.00357,-0.008898,0.000356,0.013542,-0.003401
"289",20160225,0.014408,0.006011,0.017265,0.015497,0.014731,0.013914
"290",20160226,-0.015355,-0.00317,0.005816,0.009297,0.006077,0.022786
"291",20160229,-0.008187,-0.019572,-0.008844,-0.02155,-0.007047,-0.016456
"292",20160301,0.033412,0.014099,0.025395,0.05151,0.02636,0.062291
"293",20160302,0.007037,0.01747,0.01004,0.009459,0.005598,0.023019
"294",20160303,-0.011331,-0.003628,0.001325,0.003347,0.00131,0.014448
"295",20160304,-0.006113,-0.001335,0.007942,0.001501,0.001635,0
"296",20160307,-0.01922,0.02637,-0.005581,-0.001832,0.010121,-0.005137
"297",20160308,0.01215,-0.021667,-0.007593,-0.019353,-0.012282,-0.036611
"298",20160309,0.02304,-0.002783,-0.000333,0.005784,0.00998,0.002436
"299",20160310,-0.014951,-0.00267,-0.003661,-0.008626,0.012474,0.005346
"300",20160311,0.019597,0.000122,0.01336,0.012455,0.01632,0.039159
"301",20160314,0.001884,0.002677,-0.002307,-0.003707,-0.01039,-0.007444
"302",20160315,0.007899,0.004975,0.00033,0.001353,0.007,-0.001875
"303",20160316,0.014182,0.000604,-0.003633,-0.00473,0.001264,-0.008453
"304",20160317,0.005704,0.014842,0.026185,-0.002885,0.009151,0.014681
"305",20160318,-0.021405,0.001189,-0.001292,0.029447,0.021889,0.016103
"306",20160321,0.006917,-0.006888,0.005498,-0.000331,-0.010404,0.001378
"307",20160322,0.003899,0.005979,-0.000965,-0.003639,-0.000618,-0.005046
"308",20160323,-0.001849,-0.004399,0.000322,-0.00498,-0.009901,-0.023283
"309",20160324,0.004447,0.002746,0.001287,-0.007674,-0.00375,-0.010149
"310",20160328,-0.012359,0.002858,0.012215,-0.001345,0.000627,-0.000477
"311",20160329,0.021853,0.003681,-0.000318,-0.006229,0.015047,-0.004771
"312",20160330,0.006215,-0.000118,0.011118,0.01152,0.010191,0.003835
"313",20160331,0.00327,-0.011003,-0.001257,-0.008206,-0.011006,-0.003104
"314",20160401,0.006156,-0.007537,0.004404,0.010976,0.003091,0.017246
"315",20160404,-0.002519,0.002411,-0.021923,-0.003842,-0.013868,-0.009654
"316",20160405,-0.015695,-0.011424,-0.008005,-0.014189,-0.003125,-0.013077
"317",20160406,0.010264,0.01338,-0.002582,0.007711,0.005643,0.008432
"318",20160407,-0.011974,-0.011283,-0.008738,-0.025336,-0.016521,-0.037984
"319",20160408,-0.000735,0.010198,0.005224,0.007327,0.002536,0.004966
"320",20160411,-0.002021,0.001322,-0.002598,0.007967,0.001265,0.016061
"321",20160412,0.00626,0.012362,0.003256,0.018557,0.005999,0.018969
"322",20160413,0.012809,0.005691,0.005518,0.042341,0.008475,0.056086
"323",20160414,0.000181,0.007073,0.001291,0.012947,-0.010271,0.016497
"324",20160415,0.005238,-0.005385,0.000322,-0.011503,-0.010692,-0.001334
"325",20160418,0.014555,0.009533,0.000967,0.006465,0.006039,0.00423
"326",20160419,-0.00124,0.005013,0.002898,0.016862,-0.00158,0.011527
"327",20160420,-0.014187,0.006844,0,0.014529,0.012658,0.024326
"328",20160421,0.003418,-0.000115,-0.005457,-0.009963,-0.000938,-0.002995
"329",20160422,-0.07171,0.008526,-0.007101,0.005818,-0.010322,0.00794
"330",20160425,0.006373,-0.002285,-0.002601,-0.005784,-0.007901,-0.005961
"331",20160426,-0.012857,0.003435,0.007171,0.005189,0.000319,0.008781
"332",20160427,-0.00972,0.009472,0.000971,0.002816,0.011147,0.004883
"333",20160428,-0.020416,-0.004861,-0.00097,-0.007955,-0.020157,-0.011621
"334",20160429,-0.000601,0.004203,-0.004854,-0.006289,-0.02668,-0.00963
"335",20160502,0.014839,0.008258,0.004553,0.009335,0.010898,0.008643
"336",20160503,-0.0164,-0.011444,-0.008417,-0.019282,-0.008167,-0.023779
"337",20160504,0.001808,-0.001929,-0.018283,-0.015825,-0.008235,-0.019969
"338",20160505,0.001404,0.001137,-0.005986,-0.00536,0.001675,-0.009628
"339",20160506,0.009011,0.005338,0.007695,0.005878,0.004682,0.00407
"340",20160509,-0.00635,0.000678,-0.0083,-0.006331,-0.007989,-0.011709
"341",20160510,0.018973,0.016032,0.020422,0.01356,0.011409,0.021645
"342",20160511,0.000588,-0.004778,-0.004593,-0.003707,-0.002654,-0.008252
"343",20160512,0.009011,0.009684,-0.00824,-0.000647,-0.00998,-0.010569
"344",20160513,-0.008348,-0.011263,-0.014955,-0.009228,0.00504,-0.020227
"345",20160516,0.014683,0.010264,0.010796,0.007516,0.016048,0.000928
"346",20160517,-0.018522,-0.000447,-0.008344,0,-0.013491,0.012746
"347",20160518,0.005939,-0.002011,-0.003366,0.038599,0.000334,0.049657
"348",20160519,-0.009644,0.008506,-0.008443,-0.01015,-0.012004,-0.017659
"349",20160520,0.005962,-0.004106,0.006812,0.001893,0.01755,-0.003551
"350",20160523,-0.011655,-0.00156,-0.002368,-0.000787,0.002653,0.004677
"351",20160524,0.031181,0.000781,0.012208,0.017019,0.027456,0.016626
"352",20160525,0.010273,0.00658,0.00804,0.015184,0.010625,0.02355
"353",20160526,-0.004413,-0.005096,-0.002326,-0.007479,0.003186,-0.017682
"354",20160527,0.008287,0.002339,0.003331,0.006151,0.00254,0.010193
"355",20160531,0.012997,-0.010999,0.003652,-0.002445,0.000634,-0.000215
"356",20160601,-0.00283,0.002471,-0.00397,0.006435,0.002216,0.007945
"357",20160602,-0.007001,-0.007956,-0.001993,0.001827,0.003159,0.000639
"358",20160603,-0.013148,-0.001807,-0.003661,-0.017778,-0.004408,-0.033639
"359",20160606,0.006565,0.010977,0.006012,0.009901,0.001898,0.007711
"360",20160607,-0.000576,0.015335,0.000664,-0.00337,0.006313,-0.004373
"361",20160608,-0.001152,0.000882,0.00564,0.00292,0.000314,0.000439
"362",20160609,-0.008071,-0.001322,-0.002309,-0.007663,0.001568,-0.012072
"363",20160610,-0.002712,-0.00761,-0.006614,-0.014054,0.003131,-0.024661
"364",20160613,-0.02603,0.006779,-0.006991,-0.008929,0.004057,-0.016857
"365",20160614,-0.006183,-0.001766,0.020449,-0.018808,-0.000933,-0.027804
"366",20160615,-0.00281,-0.002986,0.004928,-0.001772,-0.01649,0.001192
"367",20160616,0.014087,0.011757,0.009153,0.004034,0.002531,0.002618
"368",20160617,-0.00516,-0.005481,-0.001305,0.000964,0.002209,0.008547
"369",20160620,-0.001197,0.004409,0.007516,0.001445,0.012909,0.007533
"370",20160621,0.022369,0.0045,0.003568,0.009299,0.004663,0.002804
"371",20160622,-0.003907,-0.003933,-0.005171,-0.003813,-0.000928,-0.005592
"372",20160623,0.018043,0.00691,0.01332,0.021368,0.021679,0.041706
"373",20160624,-0.040069,-0.026253,-0.043924,-0.069477,-0.04365,-0.093567
"374",20160627,-0.028096,-0.005929,-0.016767,-0.033389,-0.026307,-0.045161
"375",20160628,0.020855,0.02307,0.021146,0.033154,0.0153,0.050936
"376",20160629,0.022249,0.01705,0.020374,0.028226,0.023726,0.041543
"377",20160630,0.012465,0.013844,0.030442,0.015359,0.027247,0.00641
"378",20160701,-0.000195,0.001067,0.000318,-0.006437,-0.001524,-0.00519
"379",20160705,0.000195,-0.008738,-0.00127,-0.027914,-0.002137,-0.032962
"380",20160706,0.004104,0.011503,0.009221,0.010747,0.008874,0.006866
"381",20160707,0,-0.01201,0.00252,0.00648,0.006976,0.005602
"382",20160708,0.017906,0.006239,0.011942,0.020634,0.024096,0.016711
"383",20160711,0.005545,0.003742,0.000311,0.007116,0.011177,0.007385
"384",20160712,0.011789,0.01129,0.001552,0.014935,0.016288,0.027193
"385",20160713,0.005638,-0.000737,0.0031,-0.000633,0.002003,-0.002532
"386",20160714,0.004298,0.000738,0.008344,0.0152,0.005427,0.025848
"387",20160715,-0.000744,0.00179,0.007662,0.000936,-0.003693,-0.0027
"388",20160718,0.004842,-0.003154,0.000912,-0.003428,-0.00057,0.005414
"389",20160719,-0.016123,-0.003691,0.000608,-0.001563,0.002853,-0.004936
"390",20160720,0.053117,-0.005716,-0.004555,0.001096,0.015363,0.002706
"391",20160721,-0.001967,-0.000852,-0.005796,-0.003754,-0.039787,-0.007646
"392",20160722,0.013799,0.001705,-0.016263,0.005495,0.01138,0.003852
"393",20160725,0.002828,-0.019253,-0.0131,-0.002655,0.000866,-0.005869
"394",20160726,0.000529,-0.007267,-0.005373,0.004071,0.011531,0.002498
"395",20160727,-0.010042,-0.006774,-0.006037,0.003119,-0.007409,0.003171
"396",20160728,0.000356,-0.00781,-0.000959,-0.003575,-0.001723,-0.001129
"397",20160729,0.008362,-0.013858,-0.00352,-0.002028,0.002588,-0.006125
"398",20160801,-0.001764,-0.034739,0.000321,-0.002658,-0.000287,-0.008902
"399",20160802,0,0.013743,-0.00321,-0.002351,-0.008321,-0.009903
"400",20160803,0.006893,0.00517,0.002576,0.015868,-0.001447,0.020935
"401",20160804,0.007372,-0.000114,0.001285,-0.001547,0.009635,-0.001139
"402",20160805,0.009932,0.000914,0.003529,0.026952,0.011567,0.042883
"403",20160808,0.001725,0.011763,-0.00032,-0.003017,0.001715,0.005249
"404",20160809,0.002411,0.001242,0.000959,-0.00348,-0.003425,-0.001305
"405",20160810,-0.003093,-0.017362,-0.000958,-0.008957,-0.011168,-0.009804
"406",20160811,0.004826,0.003588,0.00064,0.002757,0.004344,0.006161
"407",20160812,-0.006175,0.01303,-0.001598,-0.002139,-0.003172,-0.00328
"408",20160815,0.003107,-0.000455,0,0.006124,0.009835,0.017771
"409",20160816,-0.005506,0.001253,-0.0016,-0.000152,0.008594,0.004958
"410",20160817,0.002089,0.002161,0.003206,0.002739,-0.005396,0.000215
"411",20160818,0.000695,0.00908,0.004474,0.000911,-0.001428,-0.002788
"412",20160819,0.000347,-0.012485,-0.005727,-0.001365,0.007721,0.000645
"413",20160822,0.000868,0.002164,0.00224,-0.000911,0.003405,0.002794
"414",20160823,0.003815,-0.003068,-0.002874,-0.000456,0.001131,-0.0015
"415",20160824,0.001036,0.00342,-0.00032,0.002737,-0.007062,0.001502
"416",20160825,0.003796,-0.006362,-0.00032,0.00182,-0.001707,0.001286
"417",20160826,-0.002407,-0.002172,0.000641,0.00227,0.004845,0.008348
"418",20160829,0.001206,0.006531,0.004163,0.011024,0.008225,0.003184
"419",20160830,-0.003614,-0.003643,0.000319,0.008215,0.004219,0.013542
"420",20160831,-0.007428,-0.004342,-0.004144,0,0.005322,-0.00334
"421",20160901,0.002262,-0.003443,-0.00128,-0.004296,0.003622,-0.00796
"422",20160902,0.001389,0.006679,0.002885,0.004166,0.001666,0.003167
"423",20160906,-0.00104,0.013155,-0.00767,-0.000741,0.013581,-0.004631
"424",20160907,0.000868,-0.003726,0.000322,-0.004152,-0.003008,0.004018
"425",20160908,-0.003989,0.00918,-0.000644,0.00134,-0.000549,0.006529
"426",20160909,-0.021243,-0.024818,-0.029961,-0.008922,-0.027442,-0.012973
"427",20160912,0.014944,0.005182,0.01262,0.006151,0.018059,0.013144
"428",20160913,-0.009115,-0.023829,-0.02099,-0.007903,-0.013027,-0.018205
"429",20160914,-0.004776,-0.007159,-0.005025,-0.001954,0.000281,-0.003623
"430",20160915,0.01653,0.005674,0.009428,0.003614,0.02639,0.007059
"431",20160916,0.001049,-0.012341,-0.002353,-0.012305,0.030361,-0.014231
"432",20160919,-0.00559,-0.00238,-0.008423,0.005621,-0.013539,0.003878
"433",20160920,-0.002108,-0.015388,0.008155,0.004079,-0.000538,-0.001073
"434",20160921,0.016722,0.009208,0.006067,0.005718,0.008347,0.007735
"435",20160922,0.001039,0.002881,0.006365,0.008229,0.00267,0.004478
"436",20160923,-0.006745,-0.001077,-0.004993,-0.002077,-0.009587,0.000849
"437",20160926,-0.009229,-0.004673,-0.01171,-0.021859,-0.01452,-0.026723
"438",20160927,0.018453,0.002167,0.01151,0.008817,0.014461,0.01046
"439",20160928,0.00138,0.043969,0.000669,0.005274,0.006993,0.010783
"440",20160929,-0.010856,-0.005063,-0.012375,-0.01589,-0.003205,-0.022829
"441",20160930,0.003484,0.009484,0.003048,0.014318,0.011522,0.031223
"442",20161003,-0.003125,-0.002635,0.000675,-0.001201,-0.002384,-0.004235
"443",20161004,-0.003135,-0.00919,-0.004723,0.00857,-0.003186,0.015309
"444",20161005,0.006988,0.008696,0,0.016366,0.011987,0.018848
"445",20161006,0.001735,0.00046,-0.007797,0.002659,0.002106,0.008633
"446",20161007,0.001039,-0.003447,-0.006491,0.003536,0.000788,0.00428
"447",20161010,0.004152,0.019599,-0.007565,0.007782,-0.0021,0.005479
"448",20161011,-0.014645,-0.007915,0.002079,-0.004808,-0.019726,-0.011302
"449",20161012,-0.001399,-0.006952,-0.000692,-0.002635,-0.003756,-0.00592
"450",20161013,-0.003327,-0.006542,-0.004498,-0.005724,-0.004309,-0.004723
"451",20161014,0.008784,-0.000231,0.004171,-0.003248,0.012983,0.002888
"452",20161017,-0.003483,0,-0.001385,-0.005184,-0.004272,-0.000206
"453",20161018,0.00769,0.002658,0.004506,0.00789,0.012336,0.008025
"454",20161019,-0.002255,0.00461,0.002761,0.009601,-0.059338,0.010002
"455",20161020,-0.004867,0.000459,0.000344,-0.001317,-0.002253,0.002021
"456",20161021,0.042096,-0.006765,-0.003096,0.003369,-0.007903,-0.000202
"457",20161024,0.022461,0.003348,-0.00207,0.005548,0.003129,0.000202
"458",20161025,-0.000164,-0.002186,-0.009336,-0.001016,-0.004538,0.000202
"459",20161026,-0.005903,0.004267,0.007679,0.004796,-0.005128,0.008469
"460",20161027,-0.008742,-0.001952,-0.008313,0.001447,-0.00315,-0.0016
"461",20161028,-0.003827,-0.02462,0.020608,-0.001733,-0.002011,-0.00741
"462",20161031,0.000835,-0.017221,-0.004107,0.00217,0.003742,-0.008273
"463",20161101,-0.002003,0.003961,-0.00756,-0.004187,-0.010037,-0.004273
"464",20161102,-0.006187,-0.002391,-0.013504,-0.004205,0.002317,-0.008173
"465",20161103,-0.003702,0.002517,-0.007371,-0.004368,-0.01185,-0.003914
"466",20161104,-0.008445,-0.001076,0.005658,-0.009067,-0.009431,-0.000415
"467",20161107,0.029126,0.022496,0.030591,0.031287,0.032133,0.034254
"468",20161108,0.000828,0.007139,0.003753,0.002147,0.001441,0.001807
"469",20161109,-0.004961,0.011019,0.007138,0.04598,0.000288,0.033661
"470",20161110,-0.024431,0.009275,0.026325,0.046416,-0.007194,0.039155
"471",20161111,0.005451,-0.015853,0.009865,0.000522,0.003188,-0.01455
"472",20161114,-0.015249,-0.004552,-0.006512,0.036771,-0.003756,0.035018
"473",20161115,0.019615,0.018058,0.007866,-0.001887,0.012471,0.014082
"474",20161116,0.01325,-0.012324,-0.000325,-0.024698,-0.002005,-0.014788
"475",20161117,0.016597,-0.006064,0.001627,0.00801,0.005166,0.01501
"476",20161118,-0.004782,0.000587,-0.003897,-0.003973,-0.001999,0.00018
"477",20161121,0.008451,0.014189,0.006521,0.004375,0.000858,0.001443
"478",20161122,0.004272,0.002197,0.010042,0.00615,0.014294,0.010083
"479",20161123,-0.01178,0.002769,0.005131,0.004202,-0.007892,0.010517
"480",20161125,0.002152,0.002301,0.003191,-0.00038,0.006818,0.001588
"481",20161128,0.001322,-0.007461,-0.006043,-0.00647,0.001975,-0.023071
"482",20161129,0.007919,-0.006592,-0.0064,0.007661,-0.005632,0.000901
"483",20161130,-0.013587,0.016298,-0.00934,0.015839,-0.017276,0.01567
"484",20161201,-0.01759,-0.000687,0.020481,0.020207,-0.027089,0.015606
"485",20161202,0.000845,-0.002292,-0.001593,-0.002323,0.011848,-0.021826
"486",20161205,0.016371,0.005055,-0.007339,0.020343,0.006733,0.022492
"487",20161206,-0.004484,0.000914,0.001929,0.005165,0.009596,0.011173
"488",20161207,0.023686,0.005825,0.013795,0.004541,0.022465,0.019682
"489",20161208,-0.005866,0.002839,-0.002215,0.01249,0.005634,0.018456
"490",20161209,0.015735,0.007699,0.007929,0.004347,0.001681,-0.001829
"491",20161212,0.003227,0.022247,0.002517,-0.00889,0.005873,-0.008161
"492",20161213,0.013029,0.017586,-0.003767,0.000354,0.023075,0.00403
"493",20161214,-0.004763,-0.021603,-0.007561,-0.000354,-0.006793,-0.005687
"494",20161215,-0.001595,0.003422,-0.007619,0.014989,0.006566,0.01312
"495",20161216,-0.004474,0.003191,0.015675,-0.012326,-0.013047,-0.007969
"496",20161219,0.021188,-0.008335,0.005354,0.005769,0.015974,-0.001506
"497",20161220,-0.001257,0.000111,0.010338,0.012876,0.008674,0.019108
"498",20161221,0,-0.001659,-0.003721,0.002542,-0.006181,-0.000822
"499",20161222,0.000157,0.006535,-0.002179,0.001614,-0.001352,-0.00428
"500",20161223,-0.004878,-0.001761,0.001886,0.001841,0.001083,0.008266
"501",20161227,0.000632,0.000441,0.000627,0.000919,0.002705,0.00164
"502",20161228,-0.004583,-0.004959,-0.00627,-0.007231,-0.011869,-0.017188
"503",20161229,-0.001429,0.000554,0.000315,-0.007052,0.000819,-0.010993
"504",20161230,-0.012083,-0.000996,-0.003469,0.004657,-0.010638,0.000842
"505",20170103,0.007081,0.00698,0.002848,0.010894,0.009098,0.019519
"506",20170104,-0.004474,-0.011002,0.000316,0.001834,-0.005191,0.013534
"507",20170105,0,-0.014907,-0.005678,-0.009205,-0.001648,-0.017424
"508",20170106,0.008668,-0.000565,0.002855,0.000116,0.003576,0.00348
"509",20170109,-0.003183,-0.016497,-0.004745,0.000697,0.003564,-0.00545
"510",20170110,-0.000319,-0.012753,-0.002861,0.002901,-0.001912,0.000166
"511",20170111,0.009103,0.010241,0.003188,0.007521,0.011221,-0.004483
"512",20170112,-0.009179,-0.005414,-0.002542,-0.009646,-0.006495,-0.012175
"513",20170113,0.001437,0.000116,-0.000956,0.005334,0.002179,0.006753
"514",20170117,-0.002711,0.011697,-0.00287,-0.036332,0.000272,-0.020963
"515",20170118,-0.00048,-0.012363,-0.001279,0.004668,-0.001087,-0.016958
"516",20170119,-0.0032,-0.017965,-0.00064,-0.007624,-0.005169,-0.01272
"517",20170120,0.007063,0.01369,-0.021788,0.004442,0.010118,-0.009707
"518",20170123,0.003506,-0.010711,-0.025549,0.000478,-0.004602,-0.007664
"519",20170124,0.008895,0.001412,0.008403,0.012065,0.023117,0.019037
"520",20170125,0.002519,0.002938,0.012333,0.015463,0.004785,0.016743
"521",20170126,0.009265,0.003047,-0.001646,0.008369,-0.006349,-0.00572
"522",20170127,0.023495,-0.001051,-0.010224,0.002075,0.011182,-0.004358
"523",20170130,-0.009881,-0.007601,-0.001666,-0.010353,-0.014745,-0.008755
"524",20170131,-0.00737,-0.011431,-0.008678,-0.016273,-0.016034,-0.013778
"525",20170201,-0.016551,-0.011324,-0.000337,0.003781,-0.008148,0.00394
"526",20170202,-0.006449,0.006149,-0.000337,-0.004238,0.004381,0.001606
"527",20170203,0.008073,0.001079,0.000674,0.030618,0.002726,0.031797
"528",20170206,-0.000628,-0.002753,-0.001347,-0.004703,-0.006846,-0.002078
"529",20170207,-0.0033,-0.006482,-0.003372,-0.000576,0.002206,-0.007807
"530",20170208,-0.001419,-0.006524,-0.004398,-0.008764,0.000825,-0.015212
"531",20170209,0.011367,0.004418,0.005437,0.014425,-0.025289,0.01669
"532",20170210,-0.000937,0.008309,0.004393,-0.002294,-0.003384,0.006462
"533",20170213,0.01125,0.005817,0.010767,0.013218,0.013016,0.022905
"534",20170214,0.003708,-0.002169,0.007989,0.015995,0.003631,0.014928
"535",20170215,-0.000619,0.004105,0.002312,0.011501,0.00334,0.011198
"536",20170216,-0.000155,-0.010342,0.003295,-0.000662,0.009986,-0.001983
"537",20170217,0.00155,-0.006561,-0.002627,-0.003314,0.001923,-0.003478
"538",20170221,-0.002012,0.00159,0.004939,0.008645,0.001097,0.006315
"539",20170222,-0.002016,-0.011723,-0.006225,0.000549,-0.012322,0.001156
"540",20170223,0.00404,0.010503,-0.002308,0.000769,0.00305,0
"541",20170224,0,-0.00856,0.005663,-0.008779,0.009674,-0.017486
"542",20170227,-0.006035,0.005673,-0.008281,0.001107,-0.000548,0.007723
"543",20170228,-0.003892,-0.002698,-0.004342,0.002101,-0.008491,-0.003499
"544",20170301,0.015005,0.020905,0.012747,0.032885,-0.007459,0.028925
"545",20170302,-0.014321,0.003373,0,-0.015598,-0.000557,-0.014787
"546",20170303,0.003749,-0.010084,-0.002319,0.007163,-0.000278,0.006103
"547",20170306,0.000311,0.004487,-0.003984,-0.009483,-0.009192,-0.011803
"548",20170307,0.002023,-0.003743,-0.004667,-0.005548,0.006466,0.00365
"549",20170308,0.009161,-0.018056,-0.002009,-0.002188,-0.005028,0.010083
"550",20170309,-0.004001,0.007898,-0.004698,0.003947,0.005615,0.0072
"551",20170310,0.00309,-0.000735,0.020904,-0.003167,0.002513,-0.000975
"552",20170313,-0.003388,-0.002328,-0.013871,0.000876,-0.020886,0.00065
"553",20170314,-0.004636,-0.005281,-0.010717,0.001642,0.000569,-0.001463
"554",20170315,0.005279,0.012471,0.007448,0.002404,-0.002274,-0.009766
"555",20170316,-0.001699,0.000854,-0.000336,-0.000981,0.00114,0.005095
"556",20170317,0.003558,-0.000853,0.00437,-0.010476,0.0037,-0.012756
"557",20170320,0.000925,0,-0.004685,-0.007168,0.004536,-0.01292
"558",20170321,-0.011089,-0.002073,-0.011769,-0.029324,-0.011008,-0.026011
"559",20170322,0.012771,-0.000855,0.004764,0.001602,0.009418,-0.004652
"560",20170323,-0.00246,0.001223,0.003048,-0.001599,-0.002827,0.004847
"561",20170324,0.001696,-0.007696,0.003376,-0.001144,-0.003119,0.000345
"562",20170327,0.001847,0.000246,-0.009421,-0.000573,0.006542,0.004477
"563",20170328,0.002919,0.007261,0.006114,0.015589,0.005934,0.018687
"564",20170329,0.002757,0.002199,0.002026,-0.003725,-0.000843,-0.000505
"565",20170330,0.003666,0.020483,0.006402,0.00861,0.00506,0.018858
"566",20170331,0.002283,-0.020191,-0.002344,-0.013366,0.008951,-0.011403
"567",20170403,-0.004707,0.000732,0.002685,-0.003643,0.002495,-0.00234
"568",20170404,0.002746,0.003655,0.004685,0.003314,0.003319,0
"569",20170405,-0.002586,0.001942,-0.001666,-0.012828,-0.001654,-0.001508
"570",20170406,0.002593,0.005816,-0.001335,0.003365,-0.005246,0.005034
"571",20170407,-0.000761,-0.003012,0.002005,-0.003469,0,-0.007681
"572",20170410,-0.002284,0.004471,0.000667,-0.003481,-0.006384,-0.002524
"573",20170411,-0.000763,-0.003489,0.001,-0.001747,-0.001676,-0.004217
"574",20170412,-0.003818,0.001569,-0.008988,-0.003849,-0.003078,-0.008809
"575",20170413,-0.004293,-0.015427,-0.007054,-0.01171,-0.010665,-0.008033
"576",20170417,0.00816,-0.001347,0.002706,0.017299,0.006525,0.016368
"577",20170418,-0.001375,-0.006497,0.006748,-0.008153,0.008033,-0.009663
"578",20170419,-0.005352,-0.006909,0.005362,-0.00822,0.004054,-0.011811
"579",20170420,0.007073,0.00646,0.009,0.012906,0.007519,0.011779
"580",20170421,0.01374,-0.00395,-0.023786,-0.01204,0.00387,-0.011813
"581",20170424,0.017018,0.005205,0,0.035258,0.011839,0.029799
"582",20170425,0.005775,0.007644,-0.003384,0.008686,0.003265,0.012954
"583",20170426,-0.001325,-0.004038,-0.006452,0.001926,0.001627,-0.001827
"584",20170427,0.006487,-0.00172,-0.006152,-0.009273,0.013539,-0.009151
"585",20170428,0.002783,0.004799,-0.003095,-0.006963,-0.034197,-0.004546
"586",20170501,0.013877,0.005021,-0.001725,0.00069,0.004426,0.005751
"587",20170502,-0.001585,-0.000122,0.001728,-0.006432,0.018177,0.004205
"588",20170503,-0.003175,0.007922,0.008279,0.00578,0.007641,0.008876
"589",20170504,-0.003909,-0.012817,-0.001026,0.001149,-0.003515,-0.000498
"590",20170505,0.002761,0.004655,0.000685,-0.001148,-0.000814,0.000498
"591",20170508,-0.00087,0.010607,-0.005133,0.001149,-0.007605,0.004316
"592",20170509,0.001451,-0.006997,-0.004816,-0.004018,-0.004652,-0.004463
"593",20170510,0.003911,0.004495,-0.00795,0.007839,-0.009898,0.002324
"594",20170511,-0.012264,0.008546,0.005923,-0.003088,-0.008886,0.005466
"595",20170512,-0.001169,-0.000726,-0.020783,-0.002754,-0.004483,0.006096
"596",20170515,0.000731,0.003028,-0.003184,0.004832,0.002815,0.005731
"597",20170516,0.020021,-0.003019,-0.004968,0.003091,0.005333,0.017421
"598",20170517,-0.027806,-0.006784,-0.022468,-0.038124,-0.021776,-0.040166
"599",20170518,0.003408,-0.002927,0.002554,-0.003679,0.005137,0.001667
"600",20170519,-0.000295,0.002202,0.020742,0.009767,0.005111,0.016977
"601",20170522,0.011228,0.004394,0.004635,-0.000944,0.010452,-0.000655
"602",20170523,0.00336,0.003524,0.003549,0.012515,0.002516,0.010645
"603",20170524,0.00131,-0.003512,-0.015912,-0.000583,0.00725,0.009075
"604",20170525,0.01236,-0.006562,-0.012217,-0.0042,0.003876,-0.005139
"605",20170526,0.004884,-0.002446,-0.001455,0.000117,0,0.001937
"606",20170530,0.006432,-0.005518,-0.003279,-0.017104,-0.002206,-0.006928
"607",20170531,-0.008096,-0.007398,0.000731,-0.020858,-0.001935,-0.017846
"608",20170601,0.003723,0.002484,0.012418,0.011077,0.000277,0.00892
"609",20170602,0.023681,-0.01487,0.005772,-0.005057,0.005537,0.000491
"610",20170605,0.007246,0.007799,0.003587,0.001815,0.000551,0.002291
"611",20170606,0.00332,0.013605,-0.001787,0.002053,-0.005779,-0.003918
"612",20170607,-0.001793,-0.003694,-0.008951,0.011451,0.003598,0.01426
"613",20170608,-0.006078,-0.003584,-0.003251,0.012394,0.006067,0.021493
"614",20170609,-0.022655,0.01873,0.012686,0.023661,-0.021107,0.019617
"615",20170612,-0.007679,0.009741,0.035791,0.00023,0.00056,-0.002017
"616",20170613,0.012468,0.000362,-0.016932,0.003334,0.004198,0.005753
"617",20170614,-0.005379,-0.010728,0.008436,-0.002063,-0.009755,0.000464
"618",20170615,-0.005265,0.002315,0.017079,-0.005971,-0.006192,-0.00958
"619",20170616,0.001431,0.014953,0.002073,-0.004505,-0.002832,-0.003276
"620",20170619,0.012429,-0.008744,-0.006897,0.021931,0.00852,0.009235
"621",20170620,-0.013546,-0.005437,-0.023264,-0.006245,-0.018305,-0.00884
"622",20170621,0.005149,-0.01057,-0.012442,-0.00457,-0.008032,-0.001252
"623",20170622,-0.000142,-0.00442,-0.008279,-0.001148,-0.006362,-0.00329
"624",20170623,0.013521,0.006537,0.000726,-0.001839,-0.004948,-0.003301
"625",20170626,-0.009549,-0.004534,0.001451,0.004375,-0.00351,0.005835
"626",20170627,-0.018715,-0.0016,-0.014488,0.009285,-0.012328,0.007056
"627",20170628,0.008525,0.005178,-0.004778,0.020102,0.016345,0.014791
"628",20170629,-0.018768,-0.01018,-0.002216,0.014807,-0.019298,0.027616
"629",20170630,0.006424,0.000372,-0.00037,0.002743,0.005963,-0.001493
"630",20170703,-0.011026,0.01697,0.01629,0.020241,-0.008299,0.020634
"631",20170705,0.013349,-0.015225,-0.003643,0.010027,0.0263,0.002783
"632",20170706,-0.007383,-0.009029,-0.038026,-0.003202,-0.020676,-0.01198
"633",20170707,0.012979,0.001248,-0.006081,0.005033,0.007434,0.00414
"634",20170710,0.007486,-0.000748,-0.004206,-0.007032,-0.006789,-0.003829
"635",20170711,0.000143,0.005489,0.013057,-0.003863,0.008024,-0.012269
"636",20170712,0.016574,0.004467,0.007582,-0.003447,0.009729,0.001497
"637",20170713,0.008714,0.000124,0.007901,0.006378,-0.000292,0.001494
"638",20170714,0.014073,0.003829,-0.000373,-0.00913,0.01285,-0.004476
"639",20170717,0.007832,-0.005167,0.001494,-0.009322,-0.006055,0.001649
"640",20170718,-0.000682,-0.003215,0.00261,-0.003501,0.001741,0.000898
"641",20170719,0.00764,0.003102,0.001859,0.001427,0.000869,-0.002841
"642",20170720,0.004874,0.000124,-0.00928,0,0.005498,-0.005097
"643",20170721,-0.005794,-0.009152,-0.029224,-0.003399,-0.000576,-0.005425
"644",20170724,-0.002575,-0.00312,-0.018526,0.004291,-0.006623,0.001515
"645",20170725,0.008016,0.005008,0.000393,0.016652,0.004927,0.029198
"646",20170726,-0.001887,0.001246,0.005896,-0.009375,0.002308,-0.000735
"647",20170727,-0.012019,0.005724,0.007816,-0.004134,0.006331,-0.00559
"648",20170728,-0.00164,-0.015217,-0.010081,-0.002949,0.009723,-0.002515
"649",20170731,-0.004655,0.005528,0.003134,0.005697,0.004531,0.015127
"650",20170801,-0.001651,0.001624,-0.006638,0.013399,0.02481,0.016801
"651",20170802,-0.004409,0.005364,0.003145,0.00086,0.007978,-0.002586
"652",20170803,-0.001522,-0.001365,0.009404,-0.006551,0.003343,-0.013973
"653",20170804,0.007346,-0.003479,0.000776,0.012541,-0.005207,0.012476
"654",20170807,-0.003852,-0.000623,-0.005819,0.003844,0.003581,0.00087
"655",20170808,0.005387,-0.002495,-0.002731,-0.003616,-0.000549,-0.002318
"656",20170809,-0.004396,0.003127,0.005869,-0.001601,0.004944,-0.006533
"657",20170810,-0.014627,-0.00586,-0.015947,-0.014327,-0.012298,-0.017682
"658",20170811,0.015264,-0.009624,-0.003953,-0.008352,-0.007471,-0.006248
"659",20170814,0.015034,0.000256,0.006349,0.011704,0.013103,0.016317
"660",20170815,0.000272,-0.002429,-0.008675,0.002595,-0.009356,0.001178
"661",20170816,0.005873,-0.007304,-0.001591,-0.006902,-0.005278,-0.003825
"662",20170817,-0.016972,-0.015619,-0.013944,-0.015637,-0.017872,-0.016393
"663",20170818,0.001243,0.004983,-0.008081,0.000993,-0.004549,-3e-04
"664",20170821,-0.00469,-0.003393,-0.002444,-0.001212,-0.002571,-0.009462
"665",20170822,0.013999,0.004713,0.004492,0.010262,-0.007732,0.013647
"666",20170823,-0.006014,-0.001694,-0.008537,0.001201,0.000289,0.005684
"667",20170824,-0.000413,-0.003655,-0.00369,-0.001636,0.001443,0.006842
"668",20170825,0.001788,0.005109,0.007819,0.004043,-0.001152,0.002364
"669",20170828,0.000137,-0.003259,-0.000817,-0.003156,-0.000577,-0.00059
"670",20170829,0.003021,-0.000262,-0.001226,-0.005459,0.002309,-0.004866
"671",20170830,0.013142,-0.004578,-0.006547,0.002305,0.004607,0.007854
"672",20170831,0.010269,0.003022,0.01112,-0.0046,0.005159,0.000294
"673",20170901,-0.011101,0.003144,0.024033,0.008912,0.00057,0.008085
"674",20170905,-0.004463,0.007967,-0.015115,-0.023882,-0.001995,-0.020706
"675",20170906,-0.002853,0.020731,0.006462,0.006703,0.021131,0.002382
"676",20170907,0.012806,0.003173,-0.036116,-0.017534,-0.006152,-0.018717
"677",20170908,-0.004843,-0.002657,-0.008326,-0.001243,-0.009848,0.001665
"678",20170911,0.010543,0.005455,-0.004198,0.015494,0.016482,0.023273
"679",20170912,-0.00107,0.003155,0.00801,0.012251,0.008946,0.01595
"680",20170913,0.007097,0.003396,0.008365,0.002861,0.00665,0.008722
"681",20170914,-0.00585,0.004012,0.006221,-0.001975,0.004129,-0.002162
"682",20170915,0.007222,-0.00025,-0.00371,0.007145,0.014254,-0.002888
"683",20170918,-0.001992,0.00025,0.022148,0.014189,0,0.022596
"684",20170919,0.003725,0.001623,-0.01063,0.010977,0.006216,0.00779
"685",20170920,-0.006628,0.004114,0.004959,0.007026,-0.004298,0.004357
"686",20170921,-0.009741,-0.008194,0.017681,0.004545,0.003507,0.004198
"687",20170922,0.002695,0.000376,0.004849,-0.002105,-0.000538,-0.005017
"688",20170925,-0.015455,0.013263,0.00965,-0.007487,-0.000538,-0.007843
"689",20170926,0,-0.001111,-0.007168,-0.004462,0.008342,0.001412
"690",20170927,0.008053,0.006676,-0.022463,0.015795,0.001868,0.018889
"691",20170928,0.000271,0.009333,-0.005334,0.002101,0.007725,0.005119
"692",20170929,0.008393,-0.002555,-0.002475,0.001363,0.006609,0.001239
"693",20171002,0.001611,-0.004269,0.016129,0.013925,0.02521,0.014573
"694",20171003,-0.004691,0.001593,0.009361,0.005266,0.008709,0.004471
"695",20171004,0.00579,0.000367,-0.012903,-0.010169,-0.001016,-0.000944
"696",20171005,0.017137,0.002812,0.002451,0.013387,0.00483,0.022414
"697",20171006,0.000395,-0.00378,-0.006113,-0.001751,0.00253,-0.001057
"698",20171009,0.003816,0.003916,-0.03936,-0.005262,0.005804,-0.003305
"699",20171010,0,0.002804,-0.002988,0.007468,-0.005268,-0.002786
"700",20171011,0.001704,0.004133,-0.012414,-0.002986,-0.008827,-0.003192
"701",20171012,0.00916,-0.002058,-0.000867,-0.008777,-0.002799,-0.034294
"702",20171013,0.004798,-0.000243,-0.003037,-0.001354,0.012248,-0.003593
"703",20171016,0.002065,0.004854,0.016536,0.020655,0.002269,-0.004715
"704",20171017,-0.000773,0.001811,-0.007277,-0.002249,0.000755,0.005852
"705",20171018,0.000258,-0.002411,-0.003019,0.00379,0.011561,0.012883
"706",20171019,0.003866,-0.000242,0.019896,0.001225,-0.003975,-0.003282
"707",20171020,0.011552,0.004472,0.010602,0.01427,0.008481,0.008919
"708",20171023,0.000254,0.001564,-0.063366,-0.001708,0.009894,0
"709",20171024,0.000381,0.002763,-0.019265,0.015905,0.002939,0.009656
"710",20171025,-0.002917,-0.003594,-0.017816,0.000991,-0.004151,-0.008351
"711",20171026,0.001653,0.003607,-0.008372,0.007127,0.013977,0.002309
"712",20171027,0.064119,0.002875,-0.024859,0.000295,0.073761,0.001084
"713",20171030,0.000955,-0.002031,-0.018278,-0.003537,-0.000676,-0.001218
"714",20171031,-0.008463,-0.002274,-0.012249,-0.007889,0.025242,-0.003795
"715",20171101,0,0.006239,-0.006944,0.003081,0.026819,0.007211
"716",20171102,0.010459,-0.004054,-0.003996,0.006639,0.008349,0.009591
"717",20171103,0.001071,-0.00419,0.01003,-0.001772,-0.016136,-0.00495
"718",20171106,0.003922,0.006853,-0.000497,-0.006212,0.013649,-0.003376
"719",20171107,-0.002368,-0.00203,0.003974,-0.020143,0.001713,-0.01477
"720",20171108,0.003441,-0.001316,-0.004453,-0.011241,-0.00171,-0.005089
"721",20171109,-0.005558,0.00599,-0.006461,-0.000102,-0.008565,0.001244
"722",20171110,-0.002616,-0.003096,0.025013,-0.001229,-0.015551,-0.002485
"723",20171113,0.000715,-0.000603,-0.071742,0.003589,0.00373,-0.003599
"724",20171114,0.00143,-0.007842,-0.058885,-0.006029,0.002404,-0.00639
"725",20171115,-0.007733,-0.012524,0.020112,0.009458,-0.008722,0.002796
"726",20171116,0.002651,-0.008004,-0.000548,0.002852,0.00418,-0.000837
"727",20171117,-0.009615,-0.003972,-0.002192,-0.003351,-0.022344,-0.004744
"728",20171120,0.001578,0.003863,-0.01263,0.008865,-0.000224,0.010094
"729",20171121,0.014419,0.003973,-0.008343,-0.000808,0.007172,0.00458
"730",20171122,-0.007286,0.002844,0.017947,-0.002931,-0.006453,-0.001658
"731",20171124,0.001805,0.003946,0.002204,-0.003244,0.00224,-0.003321
"732",20171127,0.007326,-0.003807,-0.003848,-0.003967,-0.00581,-0.008748
"733",20171128,0.012042,0.006904,0.016004,0.035025,0.005394,0.032357
"734",20171129,-0.018143,0.007347,0.003802,0.023382,-0.017438,0.018182
"735",20171130,0.009959,0.012398,-0.010281,0.007616,0.02025,0.00613
"736",20171201,0.001069,0.002041,-0.022417,0.002583,-0.003568,0.000132
"737",20171204,-0.03774,0.001318,0.003915,0.020613,-0.004252,0.021057
"738",20171205,0.00629,-0.008137,-0.010585,-0.011501,-0.023601,-0.007263
"739",20171206,0.014585,-0.007359,-0.005631,-0.007473,0.00023,-0.014372
"740",20171207,-0.003503,0.003282,0.002831,-0.002954,-0.008516,-0.006098
"741",20171208,0.020245,0.001333,0,0.012521,0.006267,0.009736
"742",20171211,0.012714,0.004476,-0.003388,-0.002926,0.007151,0.001849
"743",20171212,0.004107,-0.003252,0.014731,0.011645,-0.007558,0.003955
"744",20171213,-0.002688,0.00435,-0.008375,-0.012541,0.000231,-0.013263
"745",20171214,-0.007733,-0.002647,-0.006757,-0.008056,-0.001846,-0.016236
"746",20171215,0.025505,0.001568,0.010204,0.014141,0.030051,0.011499
"747",20171218,-0.005412,-0.001084,-0.003367,0.007726,0.038151,0.012037
"748",20171219,-0.006367,-0.006028,-0.009572,-0.004207,0.016861,-0.012819
"749",20171220,-0.003612,0.005216,-0.007959,-0.003474,0.011054,-0.000535
"750",20171221,-0.000234,0.011826,0.001146,0.015922,-0.016821,0.015537
"751",20171222,0.000117,0.001431,0.001717,-0.003524,-0.001283,-0.004352
"752",20171226,-0.001286,0.000119,0.002857,-0.004002,-0.013276,-0.009405
"753",20171227,0.00363,-0.000953,-0.002869,0.001869,0.000651,0.001471
"754",20171228,0.000117,0.00143,-0.001151,0.005316,0.002386,0.002537
"755",20171229,-0.0021,-0.004523,0.005184,-0.007886,-0.001298,-0.008924
"756",20180102,0.004793,0.016619,0.030372,0.009444,0.014948,-0.000672
"757",20180103,0.004654,0.01964,0.009455,0.001019,-0.033938,0.003093
"758",20180104,0.008801,0.001384,0.020937,0.014251,-0.018338,0.012334
"759",20180105,0.012398,-0.000806,0.00054,-0.00642,0.006977,-0.001324
"760",20180108,0.00102,0.004496,-0.014024,0.001477,0,-0.01167
"761",20180109,-0.00068,-0.004246,0.015317,0.005069,-0.025034,0.010466
"762",20180110,-0.004534,-0.007952,0.019882,0.011004,-0.025676,0.004515
"763",20180111,0.002961,0.009875,0.004807,0.005351,0.021412,-0.00119
"764",20180112,0.017257,0.006787,-0.01367,0.01651,-0.003916,0.01694
"765",20180116,-0.013951,-0.006284,-0.029318,-0.00355,-0.002313,0.003514
"766",20180117,0.02026,0.011843,-0.047227,0.006413,0.028975,0.004669
"767",20180118,-0.000444,-0.006477,-0.033429,0.00239,0.002027,-0.001033
"768",20180119,-0.00111,-0.003203,-0.030411,-0.002207,0.007644,0.011759
"769",20180122,0.017889,0.012622,-0.005535,0.01168,0.02075,0.003704
"770",20180123,0.003166,0.000567,0.044527,-0.00105,0.006776,-0.000509
"771",20180124,-0.000871,0.002605,-0.026643,0.012783,-0.011941,0.011458
"772",20180125,0.005554,-0.001807,-0.015815,0.000259,-0.004614,-0.000126
"773",20180126,0.018737,0.007129,-0.00309,0.005359,0.105519,0.008056
"774",20180129,-0.001488,-0.011124,0.0093,-0.001032,-0.001997,-0.001499
"775",20180130,-0.012564,-0.013976,-0.02027,-0.00938,-0.023809,-0.016758
"776",20180131,0.024477,0.005992,0.013793,0.004865,-0.013322,-0.001781
"777",20180201,-0.007894,0.020275,-0.009276,0.010374,-0.010179,0.009174
"778",20180202,-0.02631,-0.050971,-0.02372,-0.022161,-0.03148,-0.023485
"779",20180205,-0.041185,-0.056903,-0.046675,-0.047952,-0.03532,-0.048689
"780",20180206,0.037841,-0.017185,0.024145,0.030423,0.015499,0.021155
"781",20180207,-0.018833,-0.017996,-0.00131,0.006779,0.006457,0.002272
"782",20180208,-0.051334,-0.011308,-0.052459,-0.04421,-0.054204,-0.041605
"783",20180209,0.03729,0.00631,0.03391,0.020022,0.02807,0.025184
"784",20180212,0.010773,0.008445,-0.008032,0.015449,0.020023,0.014658
"785",20180213,0.007854,-0.00157,-0.010121,0.006175,-0.008253,0.005618
"786",20180214,0.015585,0.002097,0.015678,0.023125,0.020693,0.020351
"787",20180215,0.020372,-0.00327,-0.003356,0.004173,0.011899,0.004823
"788",20180216,-0.007123,0.00433,0.013468,-0.007186,-0.00784,-0.003373
"789",20180220,0.007826,-0.010321,-0.020598,0.000262,0.016681,-0.004686
"790",20180221,-0.013266,-0.011353,-0.016961,0.004184,-0.008204,0.007063
"791",20180222,0.002623,0.012952,0.008972,-0.001823,-0.003047,-0.009481
"792",20180223,0.025401,0.022014,-0.000684,0.020264,0.04214,0.01062
"793",20180226,0.014459,0.016897,0.011042,0.012446,0.028913,0.007395
"794",20180227,-0.012786,-0.016996,-0.010239,-0.011872,0.01629,-0.016355
"795",20180228,-0.004565,-0.02271,-0.026897,-0.015849,-0.012422,-0.011652
"796",20180301,-0.009811,-0.00713,-0.006378,-0.017922,-0.029418,-0.024242
"797",20180302,0.002154,0.004654,0.007133,-0.00097,0.023829,0.000271
"798",20180305,0.006341,0.00953,0.021246,0.015355,0.015721,0.010043
"799",20180306,-0.003417,-0.00118,0.015257,0.000869,0.019296,-0.004837
"800",20180307,0.005787,-0.025203,-0.00888,-0.003734,0.012029,-0.00189
"801",20180308,0.006073,-0.001885,0.000689,8.7e-05,-0.011302,0.00257
"802",20180309,0.022345,0.005936,0.028926,0.028761,0.028577,0.026987
"803",20180312,0.002382,0.00912,0.01071,-0.003219,-0.012838,-0.001183
"804",20180313,-0.024388,-0.009436,-0.044371,-0.011984,0.005047,-0.014601
"805",20180314,-0.005932,-0.012478,-0.011088,-0.011183,0.001545,-0.019223
"806",20180315,0.003516,0.011141,0.006307,0.002523,-0.018897,-0.001769
"807",20180316,0.00446,0.009406,-0.003482,0.001736,0.0057,0.001773
"808",20180319,-0.018076,-0.012913,-0.016772,-0.007883,-0.006644,-0.010481
"809",20180320,0.002584,-0.002158,-0.030561,0.00096,0.014165,0.003026
"810",20180321,-0.006979,0.014191,0.017595,0.000872,0.000194,0.005485
"811",20180322,-0.029087,-0.020522,-0.038184,-0.041747,-0.014158,-0.041053
"812",20180323,-0.029068,-0.008299,-0.020974,-0.026739,-0.02892,-0.034277
"813",20180326,0.075705,0.015228,-0.013772,0.030838,0.063209,0.027688
"814",20180327,-0.045959,-0.004054,0.042669,-0.0194,-0.024581,-0.021496
"815",20180328,-0.000894,-0.012076,0.017857,-0.001572,-0.031061,-0.000293
"816",20180329,0.021031,0.024722,-0.01462,0.018241,0.05,-0.011134
"817",20180402,-0.03013,-0.01863,-0.026706,-0.019278,-0.060676,0.003111
"818",20180403,0.013443,0.024583,0.000762,0.013723,0.016967,0.011372
"819",20180404,0.029205,-0.001999,0.011424,0.015183,0.004824,0.01212
"820",20180405,0.000541,0.01536,0.011295,0.013064,0.007802,0.013129
"821",20180406,-0.023273,-0.015128,-0.02755,-0.024937,-0.03156,-0.02307
"822",20180409,0.005985,0,-0.017611,0.012008,0.015577,0.012245
"823",20180410,0.023246,0.029384,0.017147,0.019112,0.034712,0.015409
"824",20180411,-0.010982,0.004671,-0.00613,-0.016799,-0.003316,-0.008793
"825",20180412,0.018724,-0.002712,0.016191,0.02486,0.031703,0.03205
"826",20180413,-0.005343,0.008029,0.02352,-0.027079,-0.016313,-0.015527
"827",20180416,0.01171,0.008993,-0.011861,-0.000816,0.010413,-0.013238
"828",20180417,0.020176,-0.002674,0.034509,0,0.021756,-0.00471
"829",20180418,0.003851,0.011362,-0.009427,-0.008075,0.001307,-0.010898
"830",20180419,-0.003422,0.002525,0.024158,0.021954,-0.025928,0.018846
"831",20180420,-0.011549,-0.005288,0.039314,-0.002238,-0.013213,-0.003984
"832",20180423,0.003684,0.007215,-0.001375,-0.004844,-0.008345,-0.007429
"833",20180424,-0.023387,-0.015332,0.011019,-0.004688,0.006849,-0.005181
"834",20180425,-0.008699,0.014678,-0.042916,-0.003804,-0.001361,0.003472
"835",20180426,0.021125,0.017107,0.023488,0.001,0.032503,-0.002595
"836",20180427,0.01655,-0.037967,0,-0.006358,-0.006032,-0.002746
"837",20180430,-0.024003,-0.000514,-0.021558,-0.005667,-0.021051,-0.010436
"838",20180501,0.015826,-0.010289,-0.001421,0,0.033127,-0.000293
"839",20180502,-0.015684,-0.001949,0.009253,-0.007906,-0.019126,-0.00381
"840",20180503,0.005989,-0.003385,-0.01763,-0.006301,-0.000574,-0.000735
"841",20180504,0.011587,0.004703,0.012204,0.011097,0.015302,0.00471
"842",20180507,0.011139,0.010923,-0.002128,0.008669,0.010421,0.008243
"843",20180508,-0.004261,0.004502,0.014215,0.014812,0.005625,0.036496
"844",20180509,0.011794,0.023563,0.024527,0.021804,0.013239,0.01338
"845",20180510,0.010006,0.022395,0.004788,0.007759,0.011778,0.008617
"846",20180511,-0.002145,0.00465,-0.006127,-0.003762,-0.005638,0.003996
"847",20180514,0.003378,0.006767,0.007534,0.000351,0.004207,-0.003294
"848",20180515,-0.007243,-0.000489,0,-0.007638,-0.017851,0.000826
"849",20180516,0.002569,0.002812,0.021754,0.002743,0.013353,-0.010044
"850",20180517,-0.009985,-0.001707,0,-0.003353,0.003111,-0.00542
"851",20180518,0.001871,-0.007083,-0.003992,-0.0162,-0.023901,-0.022359
"852",20180521,0.012868,0.012054,0.019372,0.009178,0.015327,0.006718
"853",20180522,-0.001025,-0.007778,0.001966,0.007668,0.002393,0.009229
"854",20180523,0.011897,0.006247,-0.072596,-0.004601,0.013958,-0.011818
"855",20180524,-0.003548,-0.022885,0.029619,-0.011201,-0.008332,-0.01324
"856",20180525,0.000509,-0.019434,0.002055,-0.005125,0.012603,-0.012552
"857",20180529,-0.003558,-0.003684,-0.030759,-0.042744,-0.002164,-0.039889
"858",20180530,0.009591,0.039276,-0.000705,0.022845,0.006508,0.014762
"859",20180531,-0.001112,-0.00319,-0.006351,-0.012367,-0.008621,0.00015
"860",20180601,0.019729,0.007262,0.00142,0.012989,0.034058,0.008847
"861",20180604,0.008731,-0.01051,-0.02766,0.000461,-0.00438,0.000892
"862",20180605,0.005115,-0.003582,0.006565,-0.005625,-0.005279,-0.008613
"863",20180606,0.002936,0.017105,-0.011594,0.023368,0.008845,0.022019
"864",20180607,-0.015709,0.009993,0.010264,0.003987,-0.020165,0.003224
"865",20180608,0.007435,0.008687,0.010885,0.002798,-0.014853,0.000292
"866",20180611,-0.005707,-0.005981,0.003589,-0.00252,-0.009628,-0.005258
"867",20180612,0.002573,-0.008183,0,-0.005775,0.005503,-0.007341
"868",20180613,-0.004541,-0.011041,-0.006438,-0.001997,0.003831,-0.004733
"869",20180614,0.005652,0.004662,-0.017999,-0.017641,0.009268,-0.016793
"870",20180615,-0.012719,-0.01502,-0.016129,-0.001203,-0.007742,0.002721
"871",20180618,0.007291,0.001984,-0.007519,0.002595,-0.034295,0.00618
"872",20180619,0,-0.001485,-0.018939,-0.005824,-0.005449,0.000449
"873",20180620,0.010014,-0.003098,-0.005405,-9.3e-05,0.010013,0.008985
"874",20180621,-0.007166,-0.009447,-0.009317,-0.000279,-0.023756,0.00371
"875",20180622,-0.007218,0.021207,0.022727,-0.016371,0.00594,-0.006358
"876",20180625,-0.020118,-0.020152,-0.022989,-0.009078,-0.034095,-0.021577
"877",20180626,0.007013,0.011287,0.077647,0.000668,-0.020509,0.008517
"878",20180627,-0.015543,0.013269,0.016012,-0.015449,-0.018321,-0.012819
"879",20180628,0.011175,0.003182,-0.009312,0.01637,0.010049,0.021693
"880",20180629,-0.000203,0.009272,-0.015907,-0.006957,0.00934,0.000598
"881",20180702,0.014197,-0.011725,-0.017634,0.008445,0.009857,0.003586
"882",20180703,-0.009599,0.005871,0,-0.013989,-0.014542,-0.016379
"883",20180705,0.007168,0.000851,0.004488,0.006467,0.025874,0.007569
"884",20180706,0.014034,0.000243,0.031273,0.003278,0.012217,0.008714
"885",20180709,0.006821,0.006923,0.00722,0.030944,0.009539,0.02681
"886",20180710,0.002651,0.009168,0.015771,-0.006152,0.005785,-0.010299
"887",20180711,-0.001371,-0.01279,-0.012703,-0.002157,-0.018405,-0.00469
"888",20180712,0.021671,0.001211,0,0.004324,0.022461,0.008835
"889",20180713,0.011901,0.007498,-0.007148,-0.004586,-0.002483,-0.022041
"890",20180716,-0.004932,-0.009843,0.00072,0.039677,-0.004022,0.036716
"891",20180717,0.009913,-0.002182,-0.015108,-0.000723,-0.004999,-0.001584
"892",20180718,-0.007834,-0.001093,0.004383,0.009321,-0.00058,0.00721
"893",20180719,-0.006849,-0.002554,-0.001455,-0.014705,0.005027,-0.012312
"894",20180720,0.017912,-0.007438,-0.044428,0.012649,-0.001347,0.003334
"895",20180723,0.015997,0,-0.009909,0.018602,0.007706,0.014302
"896",20180724,-0.002871,0.019779,0.010008,0.007058,-0.002485,0.012249
"897",20180725,0.029445,0.006987,-0.000762,0.009023,0.004791,0.009146
"898",20180726,-0.010918,0.007776,0.003051,-0.002865,-0.00515,-0.005298
"899",20180727,-0.017698,-0.02754,-0.006844,0.010274,-0.08589,0.004906
"900",20180730,-0.021452,-0.002197,0.007657,0.006033,0.00021,0.008369
"901",20180731,0.006738,-0.002814,0.035714,-0.015249,0.008597,-0.005533
"902",20180801,0.001885,-0.013741,-0.028613,0.006177,0.014761,0.000556
"903",20180802,0.012138,-0.005971,-0.005287,0.004237,0.013727,-0.001251
"904",20180803,0.004369,0.003629,-0.002278,0.008093,0.003032,0.01392
"905",20180806,0.000833,-0.000249,-0.003044,0.000256,-0.000605,0.000138
"906",20180807,0.006936,0.013594,0.00458,0.003671,0.008114,0.000138
"907",20180808,0.005603,-0.006644,-0.008359,0.002042,0.005231,0.006629
"908",20180809,0.001644,-0.005079,-0.008429,-0.007726,0.003603,-0.012485
"909",20180810,-0.006109,-0.000996,-0.013137,-0.009839,-0.025728,-0.023896
"910",20180813,-0.007248,-0.010829,-0.025059,-0.015899,-0.008188,-0.015656
"911",20180814,0.012476,-0.003182,-0.008032,0.006673,-0.006811,0.01229
"912",20180815,-0.013509,-0.017495,-0.010526,-0.008286,-0.013716,-0.019426
"913",20180816,-0.000186,0.013777,0.006547,0.009411,-0.00611,0.013256
"914",20180817,-0.000557,0.003333,0,0,-0.001484,0.001581
"915",20180820,-0.0066,0.007028,0,-0.001307,-0.012739,0.012344
"916",20180821,-0.008328,0.000254,0.026829,0.006107,0.024086,0.010067
"917",20180822,0.010191,0.014335,-0.012668,-0.003035,-0.01197,-0.001684
"918",20180823,0.00467,-0.011005,0.005613,-0.002087,-0.001488,-0.004359
"919",20180824,0.00781,0.006829,-0.00319,-0.000436,0.014474,-0.001977
"920",20180827,0.01107,0.009797,0.0216,0.017701,0.014478,0.024338
"921",20180828,0.006022,-0.001493,-0.000783,-0.004884,0.00455,-0.000138
"922",20180829,0.015962,0.007225,0.016458,-0.003272,0.003706,0.002072
"923",20180830,-0.000625,-0.004328,-0.01542,-0.004924,-0.010462,-0.014753
"924",20180831,0.003394,-0.004223,0.013312,-0.005296,0.003939,-0.003079
"925",20180904,-0.005519,0.001497,-0.020865,0.004975,-0.009705,0.002246
"926",20180905,-0.028825,0.013327,-0.008682,-0.004863,-0.005004,-0.003221
"927",20180906,0.002304,-0.011062,-0.003981,-0.004276,-0.00964,-0.014894
"928",20180907,-0.004874,0.017027,-0.008793,0.001928,-0.017139,-0.006704
"929",20180910,0.010812,-0.001466,0.008871,-0.005336,-0.003229,-0.000144
"930",20180911,0.017005,0.014074,-0.014389,0.006332,-0.02959,-0.002872
"931",20180912,0.004225,0.003258,0.022709,-0.011798,0,0.015555
"932",20180913,0.010742,-0.009744,0.00793,0.003891,0.014244,-0.005106
"933",20180914,0.004074,0.007289,0.007081,-0.000176,-0.000658,0.00556
"934",20180917,-0.010849,0.005909,0.001577,0.002996,-0.002635,0.00482
"935",20180918,0.009542,0.002637,-0.00315,0.004041,0.014971,0.006772
"936",20180919,-0.013338,0.011957,0.015798,0.029046,0.001085,0.033072
"937",20180920,0.016741,0.002245,-0.031104,0.008587,0.022752,0.014514
"938",20180921,0.006076,0.004126,-0.023274,-0.006575,-0.011441,-0.008557
"939",20180924,0.003588,0.01679,-0.035333,-0.009588,0.005358,-0.004181
"940",20180925,-0.001919,-0.001155,-0.040034,-0.002827,-0.021317,-0.004469
"941",20180926,-0.004107,-0.008324,0.010648,-0.011771,-0.004574,-0.01442
"942",20180927,0.003773,-0.000117,0.012291,-0.004347,0.003939,0.006901
"943",20180928,-0.00035,-0.008744,-0.020815,-0.01467,0.030732,-0.016587
"944",20181001,0.010842,0.009292,0.070859,0.005849,-0.017763,0.002648
"945",20181002,-0.003979,0.007575,0.019024,0.004141,0.035522,-0.001807
"946",20181003,0.000174,-0.003585,0.012987,0.009388,0.013721,0.007799
"947",20181004,-0.020665,-0.006616,0.014423,0.008953,-0.01292,0.003593
"948",20181005,-0.005852,-0.002804,0.041074,-0.005639,-0.022855,-0.002754
"949",20181008,-0.011415,0.009257,0.032625,0.006107,0,0.002347
"950",20181009,0.01272,0.004412,-0.004408,-0.006937,-0.010206,-0.009643
"951",20181010,-0.054338,-0.023003,-0.019926,-0.026633,-0.037594,-0.026986
"952",20181011,-0.002355,-0.034548,-0.042169,-0.029963,-0.012723,-0.022445
"953",20181012,0.034558,-0.002696,-0.031447,-0.010913,0.014696,0.021351
"954",20181015,-0.017979,-0.006881,-0.013799,-0.005704,-0.007799,-0.009021
"955",20181016,0.031599,0.004702,-0.004115,0.021441,0.031664,0.007224
"956",20181017,-0.002613,0.003695,0.007438,0.01114,-0.001088,0.001865
"957",20181018,-0.019962,0.004294,0.015587,-0.015843,-0.020048,-0.017468
"958",20181019,0.001475,0.001466,0.01454,-0.001665,-0.02157,0.003497
"959",20181022,0.008927,-0.010004,-0.014331,-0.014364,0.022955,-0.032965
"960",20181023,-0.013956,-0.016143,0.02504,-0.010436,-0.011331,-0.012915
"961",20181024,-0.053469,-0.027806,-0.040977,-0.018622,-0.046742,-0.029363
"962",20181025,0.058444,0.008889,-0.030403,0.0152,0.044555,0.018339
"963",20181026,-0.012373,-0.00996,-0.042373,-0.013733,0.031144,-0.011698
"964",20181029,-0.029076,-0.006191,-0.012389,0.013827,-0.006347,0.00218
"965",20181030,-0.001155,0.022453,-0.087814,0.017644,0.051982,0.002797
"966",20181031,0.029692,0.011424,-0.007859,0.021743,-0.018425,0.014412
"967",20181101,-0.008333,0.012425,-0.051485,-0.000367,0.028584,0.005652
"968",20181102,0.002266,0.015867,-0.030271,-0.005506,-0.02302,0.008203
"969",20181105,0.012717,-0.003783,-0.001076,0.006551,0.018255,0.020935
"970",20181106,0.001953,0.004287,0.015086,0.004675,-0.008755,-0.009213
"971",20181107,0.039361,0.012684,-0.023355,0.017153,0.031111,0.023695
"972",20181108,-0.001876,-0.015898,-0.01087,0.008073,0.005542,-0.007032
"973",20181109,-0.019508,-0.000245,-0.057143,-0.009699,-0.017963,-0.029802
"974",20181112,-0.024642,-0.01286,-0.068765,-0.021026,-0.030347,-0.023571
"975",20181113,0.000655,-0.022924,0.077597,0.005874,0.015863,0.008877
"976",20181114,-0.01412,-0.007821,-0.033682,-0.020622,-0.00633,-0.019759
"977",20181115,0.022006,0.010337,-0.018029,0.025529,0.021661,0.017323
"978",20181116,0.009415,0.009848,-0.01836,-0.000727,0.014966,0.005418
"979",20181119,-0.03389,0.003293,-0.022444,0.007637,-0.016998,-0.005081
"980",20181120,-0.027815,-0.028402,-0.024235,-0.021474,-0.012708,-0.032343
"981",20181121,0.013765,0.007665,0.020915,-0.007469,-0.007597,0.005437
"982",20181123,-0.000388,-0.026689,-0.03073,-0.009197,-0.010419,-0.017815
"983",20181126,0.032987,0.019738,0.001321,0.024473,0.019553,0.032065
"984",20181127,0.006293,0.000909,-0.01847,0.00421,0.013066,-0.004237
"985",20181128,0.037148,0.01817,0.040323,0.011119,0.016434,0.033407
"986",20181129,-0.008369,0.007776,0.02584,-0.007932,-0.023741,-0.010369
"987",20181130,0.006353,0.005565,-0.055416,0.010267,0.033753,-0.001695
"988",20181203,0.010822,0.021635,0.041333,0.009443,0.016629,0.005711
"989",20181204,-0.031849,-0.022039,-0.067862,-0.044636,-0.047477,-0.044506
"990",20181206,0.006174,-0.013093,0.009615,-0.019025,0.012984,-0.035336
"991",20181207,-0.040022,-0.009568,-0.046258,-0.018063,-0.044036,-0.028472
"992",20181210,0.026426,-0.014168,-0.011412,-0.018685,0.020977,-0.021937
"993",20181211,0.009295,0.001829,-0.024531,-0.009767,0.003601,-0.014894
"994",20181212,0.004512,-0.008607,-0.007396,0.006476,0.009498,-0.004269
"995",20181213,0.003392,0.012628,0.073025,0.00099,0.009617,-0.003751
"996",20181214,-0.031247,-0.018187,-0.013889,-0.008208,-0.008905,-0.013448
"997",20181217,-0.029614,-0.020376,0.007042,-0.012763,-0.016298,-0.013995
"998",20181218,0.010497,-0.027553,0.018182,-0.004747,0.014019,-0.005899
"999",20181219,-0.002693,-0.016944,0.053571,-0.012685,-0.045455,-0.020582
"1000",20181220,-0.021024,-0.030376,-0.028721,-0.008634,-0.000658,-0.010413
"1001",20181221,-0.032312,-0.007431,-0.038978,-0.023639,-0.015371,-0.038837
"1002",20181224,-0.041739,-0.038315,-0.032168,-0.021557,-0.027877,-0.019506
"1003",20181226,0.06831,0.047779,0.067919,0.041459,0.059647,0.044255
"1004",20181227,0.006166,0.004371,-0.016238,0.011255,0.00368,0.006415
"1005",20181228,-0.007808,-0.011169,0.033012,-0.002164,0.008412,0.001159
"1006",20181231,0.011754,0.000293,0.007989,0.008159,0.00385,0.004438
"1007",20190102,-0.00443,0.021997,0.063408,0.017312,0.003196,0.028237
"1008",20190103,-0.036788,-0.015354,0.001242,-0.014097,-0.055013,-0.018121
"1009",20190104,0.046509,0.03687,0.021092,0.036865,0.061362,0.048896
"1010",20190107,0.001275,0.0052,0.061968,0.000695,0.004659,0.008707
"1011",20190108,0.007251,0.007271,-0.020595,-0.001886,0.006324,-0.002697
"1012",20190109,0.0143,0.005275,-0.007009,-0.00169,0.005656,0.016589
"1013",20190110,-0.006426,-0.005109,0.051765,-1e-04,0.011456,0.001064
"1014",20190111,-0.007722,-0.00458,0,-0.004781,0.007619,0.004429
"1015",20190114,-0.007296,-0.001255,-0.004474,0.010309,-0.011854,0.039513
"1016",20190115,0.029005,0.000558,-0.019101,0.007331,0.005171,0.041575
"1017",20190116,0.003523,-0.000419,0.028637,0.008065,-0.009671,0.013196
"1018",20190117,0.007022,0.00684,0.017817,0.004098,0.007064,0.004502
"1019",20190118,0.014983,0.011923,-0.008753,0.016226,0.014854,0.010405
"1020",20190122,-0.018847,-0.015071,-0.04415,-0.015776,-0.018703,-0.02012
"1021",20190123,0.009746,-0.008207,0.008083,-0.002526,-0.006837,0.004527
"1022",20190124,-0.004779,0.001403,0.005727,0.000584,0.037964,0.009335
"1023",20190125,0.009134,0.004482,0.04328,0.006327,-0.054662,0.02089
"1024",20190128,-0.019502,-0.006693,-0.025109,0.004739,-0.007015,-0.002655
"1025",20190129,-0.020365,0.00379,-0.00336,0.002792,-0.003639,-0.010023
"1026",20190130,0.033417,0.010908,0.022472,0.002304,0.021487,0.015979
"1027",20190131,-0.01833,0.013695,0.116483,-0.008716,-0.008835,0.003737
"1028",20190201,-0.0158,0.036026,0.002953,0.003671,0.034168,-0.005275
"1029",20190204,0.028799,-0.014489,0.001963,0.003562,0.010055,0.006125
"1030",20190205,0.013997,0.010291,0.041136,-0.004412,0.01605,-0.003903
"1031",20190206,-0.011099,-0.004366,-0.015052,-0.000482,0.004099,0.001254
"1032",20190207,-0.007168,-0.007707,-0.039159,-0.01311,-0.013427,-0.016904
"1033",20190208,0.0038,0.001607,-0.024851,-0.009963,-0.007922,-0.012737
"1034",20190211,-0.003975,0.001622,0.022426,-0.004736,-0.001433,-0.006451
"1035",20190212,0.015582,0.017544,-0.004985,0.01705,0.025425,0.017205
"1036",20190213,-0.000748,0.011273,0.039078,0.004776,0.009198,0.005904
"1037",20190214,0.000843,0.000262,-0.031823,-0.006499,0.006737,-0.009835
"1038",20190215,0.012348,0.01888,0.00498,0.03056,0.016729,0.029638
"1039",20190219,-0.000462,0.006692,0.003964,-0.003505,-0.005033,0.001712
"1040",20190220,-0.005177,0.003835,-0.002961,0.004849,-0.000195,0.004039
"1041",20190221,0.021092,-0.009041,-0.006931,-0.002082,0.000389,-0.00495
"1042",20190222,0.014258,0.00771,0.013958,-0.004456,0.021008,-0.002799
"1043",20190225,0.005587,0.00102,0.063913,0.010476,0.011621,0.00608
"1044",20190226,0.0069,0.002038,0.021926,-0.007634,0.002448,-0.006354
"1045",20190227,-0.001691,0.010297,0.020638,-0.001235,0.000188,0.004367
"1046",20190228,-0.001248,-0.005537,-0.045037,-0.007607,-0.005259,-0.006522
"1047",20190301,0.004463,0.012274,-0.01155,0.000671,0.00642,0.007659
"1048",20190304,-0.002399,0.003875,0.010711,-0.002298,0.012007,-0.011168
"1049",20190305,-0.004988,-0.001494,-0.047206,-0.000768,-0.00482,-0.012863
"1050",20190306,0.000448,-0.011348,-0.078868,-0.003746,-0.013599,-0.006674
"1051",20190307,-0.01217,0.0111,0.037322,-0.007231,-0.00661,-0.009758
"1052",20190308,0.001087,-0.014346,0.014815,0.000388,-0.002281,0.002585
"1053",20190311,0.020994,0.009746,0.033403,0.013008,0.016578,0.004028
"1054",20190312,0.007002,0.002758,-0.014141,-0.002971,0.004124,0.008024
"1055",20190313,0.007745,0.008875,0.026639,0.003364,0.014934,0.013374
"1056",20190314,0.000786,-0.003345,0.027944,0.0091,-0.017105,0.007227
"1057",20190315,0.011519,-0.003605,-0.03301,0.011487,0.016654,0.016846
"1058",20190318,0.014321,0.011603,0.024096,0.006007,-0.004233,0.011351
"1059",20190319,0.00068,-0.00259,-0.00098,-0.003638,0.001294,-0.00455
"1060",20190320,-0.001105,0.005564,0.002944,-0.021348,-0.006461,-0.020265
"1061",20190321,0.022975,0.00578,0.004892,-0.015786,0.015236,-0.006065
"1062",20190322,-0.026368,-0.016017,-0.028238,-0.030232,-0.025256,-0.045846
"1063",20190325,0.005211,-0.006958,-0.01002,-0.00832,-0.009012,-0.010659
"1064",20190326,0.002125,0.013013,0.022267,0.010007,0.012505,0.014752
"1065",20190327,-0.009668,-0.007658,-0.013861,-0.003403,-0.005239,-0.008004
"1066",20190328,0.00137,0.004979,-0.007028,0.011348,-0.000941,0.020583
"1067",20190329,0.008638,0.000743,0.010111,0.005163,0.011109,0.003872
"1068",20190401,0.009157,0.01151,0.011011,0.033686,0.015084,0.034394
"1069",20190402,0.001428,-0.004282,0.013861,0.004778,-0.002752,0.000932
"1070",20190403,0.006544,-0.005898,-0.013672,0.001997,0.020603,0.009935
"1071",20190404,-0.005085,0.014215,-0.006931,0.009587,0.007931,0.011682
"1072",20190405,0.00444,0.005363,-0.001994,-0.002368,-0.005722,-0.004102
"1073",20190408,0.000334,0.006183,-0.051948,0.003229,0.001439,0.007933
"1074",20190409,-0.00542,-0.012892,-0.028451,-0.007383,-0.006466,-0.013168
"1075",20190410,0.007629,-0.004516,-0.006508,0.004482,0.007773,0.004908
"1076",20190411,0.001165,0.004782,-0.004367,0.008449,0.000897,0.005952
"1077",20190412,0.005152,-0.012569,-0.013158,0.046879,0.011111,0.02291
"1078",20190415,0.000827,-0.003337,-0.002222,-0.01142,-0.002481,-0.000593
"1079",20190416,-0.002313,0.00682,0.017817,0.010551,0.00764,0.028644
"1080",20190417,0.00828,0.002833,-0.002188,0.028803,0.032622,0.015005
"1081",20190418,0.01314,-0.003684,0.025219,-0.007349,-0.001195,-0.009666
"1082",20190422,0.003161,0.021817,-0.003209,0.001234,0.005642,-0.008325
"1083",20190423,0.013575,0.00579,0.001073,0.001232,-0.00068,0.001592
"1084",20190424,-0.003428,-0.019429,-0.001072,-0.00167,-0.001021,-0.005347
"1085",20190425,0.033117,0.005626,-0.021459,0.000528,-0.018903,-0.001453
"1086",20190426,0.00573,-0.021041,0.049342,0.00757,-0.089915,0.011349
"1087",20190429,-0.000924,-0.00646,0.016719,0.014414,-0.025176,0.021867
"1088",20190430,0.006396,0.003876,0.045221,-0.000603,-0.00137,-0.004646
"1089",20190501,-0.020827,-0.020055,-0.006883,-0.007669,-0.005486,-0.010467
"1090",20190502,-0.013059,-0.017542,0.014851,0.002171,-0.004137,0.005718
"1091",20190503,0.021314,0.002329,0.02439,0.006152,0.023739,0.010802
"1092",20190506,-0.005818,-0.004389,-0.006667,-0.00887,-0.004155,-0.003679
"1093",20190507,-0.020523,-0.005316,-0.030681,-0.016335,-0.014448,-0.031956
"1094",20190508,-8e-05,0.001564,0.004946,-0.0053,-0.024564,0.00088
"1095",20190509,-8e-05,-0.000911,-0.011811,-0.000799,-0.053209,-0.008649
"1096",20190510,0.012988,0.008597,0.008964,-8.9e-05,-0.009009,0.003992
"1097",20190513,-0.029733,-0.011102,-0.025666,-0.027198,-0.031169,-0.051841
"1098",20190514,0.011188,0.001321,0.045593,0.007949,0.00916,0.013669
"1099",20190515,0.01403,0.007387,-0.005814,-0.003807,0.009962,-0.005976
"1100",20190516,0.023092,-0.000131,-0.012671,0.01283,-0.001973,0.017111
"1101",20190517,-0.00667,-0.005893,-0.012833,-0.004851,-0.014057,-0.013792
"1102",20190520,-0.014445,-0.000132,-0.012,0.005236,-0.029628,-0.00169
"1103",20190521,0.005387,0.004611,0.008097,0.003413,0.020661,0.017241
"1104",20190522,0.006068,-0.009049,-0.006024,-0.008145,-0.010346,-0.021489
"1105",20190523,-0.011671,-0.023425,-0.034343,-0.019672,0.012045,-0.011754
"1106",20190524,0.000475,0.004201,-0.011506,0.009849,0.000898,0.007668
"1107",20190528,-0.000634,-0.020108,-0.009524,-0.010847,-0.022437,-0.009318
"1108",20190529,-0.00967,-0.006197,0.001068,-0.002764,0.015148,-0.001254
"1109",20190530,0.006323,-0.002633,0.010672,-0.010719,0.011305,-0.00157
"1110",20190531,-0.016305,-0.016674,-0.003168,-0.010275,-0.015426,-0.022952
"1111",20190603,-0.031048,0.015685,0.009534,0.004719,-0.01317,0.007401
"1112",20190604,0.027704,0.02379,0.049318,0.03081,0.030603,0.052228
"1113",20190605,0.021679,-0.008289,-0.011,0.003554,-0.005358,-0.001518
"1114",20190606,0.015815,0.018224,0.003033,0.002179,0.012346,0.01049
"1115",20190607,0.028008,0.003633,0.006048,-0.010963,0.020621,-0.011735
"1116",20190610,0.009133,0.004425,0.007014,0.01081,0.016728,0.021769
"1117",20190611,-0.003771,-0.000935,0.006965,0.003081,0.001068,0.011323
"1118",20190612,-0.004618,-0.010823,0.01581,-0.012739,-0.011313,-0.015763
"1119",20190613,0.006312,0.00878,0.002918,0.002471,0.008204,0.004041
"1120",20190614,0.000982,-0.004419,-0.00776,0.002556,-0.010921,0.005963
"1121",20190617,0.00302,0.009953,-0.017595,-0.005463,-0.001299,-0.01393
"1122",20190618,0.017388,0.008656,0.036816,0.013642,0.026881,0.021641
"1123",20190619,0.003921,-0.005545,-0.007678,-0.007226,-0.006333,-0.005737
"1124",20190620,0.009286,0.017127,0.028046,0.002548,0.002549,0.007546
"1125",20190621,0.000146,0.014097,-0.014111,-0.006806,0.005722,-0.001909
"1126",20190624,0.005914,-0.009525,-0.019084,-0.007127,0.003582,-0.008239
"1127",20190625,-0.031572,-0.008837,-0.005837,-0.008283,-0.016376,-0.012906
"1128",20190626,0.003747,0.004327,0.004892,0.006682,0.028602,0.010219
"1129",20190627,0.001643,-0.010183,0.012658,0.003319,-0.015148,0.013835
"1130",20190628,-0.001416,0.010683,0.010577,0.027196,0.008639,0.027586
"1131",20190701,0.01284,-0.000913,0.012381,0.016816,0.00376,0.010138
"1132",20190702,0.006633,-0.010972,-0.000941,0.001056,0.001457,-0.004241
"1133",20190703,0.006443,0.009509,-0.000942,-0.001582,0.008313,0.005821
"1134",20190705,-0.00291,-0.004056,-0.010368,0.005939,-0.009068,0.007763
"1135",20190708,-0.00073,0.004597,-0.028571,-0.005463,-0.005408,-0.003782
"1136",20190709,-0.003651,-0.000654,0.004902,0.004253,-0.001464,0.006045
"1137",20190710,0.010186,0.014131,-0.004878,-0.002911,0.009633,-0.006009
"1138",20190711,0.00399,0.000774,-0.008824,0.009556,0.00809,0.006748
"1139",20190712,0.003613,0.000773,0.025717,0.010517,0.02716,0.002234
"1140",20190715,0,-0.007085,-0.009643,-0.012142,0.004006,-0.000836
"1141",20190716,-0.013103,-0.01492,0.010711,0.010711,-0.018955,-0.005439
"1142",20190717,-0.005909,-0.005926,-0.038536,-0.009816,0.004474,-0.007011
"1143",20190718,0.001101,-0.008479,0.008016,0.005965,0.011136,0.013697
"1144",20190719,0.001466,0.002004,-0.001988,-0.009854,0.006608,-0.012119
"1145",20190722,0.013248,0.001067,0.016932,0.006429,0.021484,0.002679
"1146",20190723,0.006213,0.003996,0.043095,0.01829,0.00779,0.012375
"1147",20190724,0.010266,-0.000133,0.002817,0.004039,0.022609,0.014169
"1148",20190725,-0.003766,-0.005706,-0.023408,-0.009587,-0.014361,-0.022189
"1149",20190726,0.008203,-0.001602,0.00767,0.004408,-0.010928,0.010786
"1150",20190729,-0.002193,0.007085,-0.012369,-0.003184,0.017833,-0.005543
"1151",20190730,-0.004822,0.000133,0.013488,-0.002244,-0.015426,-0.000697
"1152",20190731,-0.02907,-0.013139,-0.006654,0.003547,-0.022244,-0.00767
"1153",20190801,0.013136,-0.025551,-0.035407,-0.026379,-0.020771,-0.039489
"1154",20190802,-0.008402,-0.009798,-0.007937,-8.9e-05,-0.016566,-0.003365
"1155",20190805,-0.034258,-0.020488,-0.034,-0.029753,-0.035127,-0.035941
"1156",20190806,0.018758,0.009676,-0.009317,0.007849,0.006493,0.016416
"1157",20190807,0.00438,-0.006483,-0.011494,-0.021733,-0.004898,-0.016755
"1158",20190808,0.026685,0.026667,0.003171,0.01694,0.009416,0.024562
"1159",20190809,-0.008496,-0.021277,-0.035827,-0.001092,-0.025228,-0.010339
"1160",20190812,-0.013942,-0.0048,-0.010929,-0.018772,-0.008264,-0.027404
"1161",20190813,0.020694,0.012351,0.033149,0.015416,0.027193,0.009184
"1162",20190814,-0.030015,-0.040289,-0.034225,-0.041522,-0.020709,-0.052753
"1163",20190815,-0.002239,-0.005913,-0.112957,0.003817,-0.003706,-0.001466
"1164",20190816,0.018327,0.015613,0.097378,0.023954,0.017505,0.035225
"1165",20190819,0.016749,0.016837,-0.013652,0.009005,0.015699,0.013075
"1166",20190820,-0.008309,-0.006047,-0.033449,-0.012697,-0.013339,-0.013839
"1167",20190821,0.011147,0.009996,-0.026253,0.002796,0.011803,-0.002681
"1168",20190822,-0.007277,-0.002151,0.003676,0.010315,-0.007847,0.010435
"1169",20190823,-0.031862,-0.029898,-0.026862,-0.024834,-0.038906,-0.030668
"1170",20190826,0.015443,0.005334,0.010038,0.008017,0.013345,0.012429
"1171",20190827,0.002141,-0.009727,-0.014907,-0.010574,0.005048,-0.016901
"1172",20190828,-0.001326,0.007293,0.001261,0.010025,0,0.011353
"1173",20190829,0.018885,0.011082,0.021411,0.022659,0.023586,0.024695
"1174",20190830,-0.001882,0.000731,0.017263,0.00586,0.011521,0.007042
"1175",20190903,-0.013202,0.001168,0.009697,-0.011833,-0.00907,-0.014452
"1176",20190904,0.011688,0.010648,0.056423,0.012067,0.041294,0.01356
"1177",20190905,0.017583,0.014143,0.001136,0.022754,0.024121,0.032047
"1178",20190906,-0.006783,0.009392,-0.011351,0.002136,0.016367,-0.005577
"1179",20190909,-0.011359,0.007895,0.028703,0.024776,0.013158,0.042747
"1180",20190910,-0.010471,0.008113,0.020089,0.012738,0.004458,0.002762
"1181",20190911,0.000294,-0.001943,0.02407,0.002738,0.018719,-0.00116
"1182",20190912,0.010285,0.000695,-0.010684,0.006144,0.004167,0.005806
"1183",20190913,-0.001454,0.009169,0.009719,0.019676,-0.008866,0.015729
"1184",20190916,-0.007209,0.015006,0.004283,-0.0089,-0.006471,-0.007956
"1185",20190917,0.007775,-0.007595,-0.002132,-0.004951,-0.004789,-0.005012
"1186",20190918,0.008225,-0.004783,0.002137,0.010036,-0.004042,0.008779
"1187",20190919,0.018409,-0.006729,0.004264,-0.003173,-0.003286,-0.005136
"1188",20190920,-0.011555,-0.003456,-0.005308,-0.004021,-0.016482,-0.00545
"1189",20190923,-0.002151,0.000694,-0.003202,-0.000168,0.003549,0.002884
"1190",20190924,-0.012649,-0.013725,-0.039615,-0.013038,-0.021218,-0.023724
"1191",20190925,0.014413,0.002952,0.021182,0.00571,0.024087,0.021797
"1192",20190926,0.001292,-0.005326,-0.015284,-0.00822,-0.00196,-0.003892
"1193",20190927,-0.012971,0.007186,0.002217,0.005896,-0.002749,0.005064
"1194",20190930,0.009439,-0.012171,-0.011062,-0.000255,0.01477,-0.005471
"1195",20191001,-0.014098,-0.023509,-0.036913,-0.018183,-0.014943,-0.013463
"1196",20191002,-0.017655,-0.026106,-0.011614,-0.019905,-0.02699,-0.027733
"1197",20191003,0.012105,0.01236,0.023502,-0.001413,0.012958,0.00664
"1198",20191004,0.013502,0.014563,-0.016074,0.02166,0.017789,0.022189
"1199",20191007,-0.00724,-0.013774,-0.001167,-0.002181,-0.005892,-0.00044
"1200",20191008,-0.010575,-0.019406,-0.03271,-0.022296,-0.017681,-0.025679
"1201",20191009,0.018943,0.011095,0.008454,0.007244,0.015184,0.015512
"1202",20191010,0.006221,0.012011,0.011976,0.014028,0.01248,0.017648
"1203",20191011,0.00417,0.010696,0.04142,0.016899,0.019174,0.021568
"1204",20191014,-0.000931,0.002899,-0.009091,0.002669,-0.008639,0.001997
"1205",20191015,0.014511,0.003469,0.019495,0.030142,0.019559,0.013952
"1206",20191016,-0.008229,-0.017142,0.001125,-0.002334,-0.003894,-0.024151
"1207",20191017,-0.005128,-0.001319,0.01573,0.005598,-0.011155,0.001439
"1208",20191018,-0.016322,-0.007778,-0.00885,0.001745,-0.009641,0.002011
"1209",20191021,0.007423,0.016713,-0.018973,0.024801,0.014992,0.029682
"1210",20191022,-0.014881,0.005092,0.030717,0.010036,-0.002302,0.003481
"1211",20191023,0.00638,0.009553,0.00883,0.002644,-0.005576,0.005412
"1212",20191024,0.019674,-0.009462,-0.020788,-0.000719,0.009861,-0.00207
"1213",20191025,0.005645,0.002316,0.005587,0.007998,0.080988,0.012033
"1214",20191028,0.024586,-0.008809,0.007778,0.003809,0.005313,0.00574
"1215",20191029,-0.009432,-0.002914,0,-0.000632,-0.0074,-0.006794
"1216",20191030,0.012462,-0.01052,0.114664,-0.005537,0.004615,-0.001642
"1217",20191031,-0.008575,-0.002215,-0.012859,-0.006442,-0.001237,-0.015212
"1218",20191101,0.002441,0.030043,0.04008,0.023055,-0.000354,0.034651
"1219",20191104,0.005775,0.029741,0.052987,0.007981,0.019466,0.017741
"1220",20191105,-0.000623,0.019813,0.00366,0.002174,-0.001042,-0.004258
"1221",20191106,-0.002769,-0.021891,0.004558,0.001549,0.006342,-0.005479
"1222",20191107,0.001388,0.021262,0.024501,0.005414,0.007813,0.018678
"1223",20191108,0.011784,-0.018765,0.020372,0.002923,0.00379,0.004089
"1224",20191111,0.001028,-0.006076,-0.014757,-0.003528,0.001373,-0.006831
"1225",20191112,0.00657,-0.01379,0.006167,-0.00585,-0.002571,-0.007011
"1226",20191113,0.001632,-0.008217,-0.011384,-0.005265,-0.005326,-0.015452
"1227",20191114,0.005091,-0.004361,0,0.000934,-0.001382,-0.000947
"1228",20191115,0.0129,0.010073,0.020372,0.007232,0.002595,0.007584
"1229",20191118,0.002467,-0.009684,-0.006945,0.008415,0.005003,0
"1230",20191119,0.000333,-0.010216,0.005245,-0.000306,0.001717,0.005645
"1231",20191120,-0.001729,0.003096,-0.009565,-0.007275,-0.007712,-0.012162
"1232",20191121,-0.000936,0.024107,0.012291,0.002314,0.005527,-0.000135
"1233",20191122,0.000736,-0.004306,0.001735,0.006619,-0.010478,0.013126
"1234",20191125,0.010963,-0.006631,0.002597,0.005352,0.02083,0.010819
"1235",20191126,0.00529,-0.002467,-0.019862,0.001369,0.00153,-0.002907
"1236",20191127,0.001908,-0.000582,-0.005286,0.002962,-0.006621,0.003446
"1237",20191129,-0.006171,-0.008297,-0.001771,-0.002272,-0.007862,-0.007924
"1238",20191202,-0.012089,0.004257,-0.00976,-0.002201,-0.006718,-0.007987
"1239",20191203,-0.001605,-0.007892,-0.015233,-0.012855,-0.027575,-0.015969
"1240",20191204,0.003617,0.011344,-0.008189,0.019726,-0.000892,0.012273
"1241",20191205,0.000534,-0.003496,-0.010092,0.005441,0.001071,0.006466
"1242",20191206,0.012139,0.016079,0.02873,0.01488,0.013017,0.014724
"1243",20191209,-0.00257,0.002158,-0.00991,-0.004665,-0.004929,-0.006332
"1244",20191210,-0.00152,-0.008613,0.00182,0.00067,0.001061,0.005974
"1245",20191211,0.003772,-0.001448,-0.003633,-0.002379,0.008482,-0.003035
"1246",20191212,0.010152,0.020012,0.042844,0.028618,0.008411,0.019854
"1247",20191213,0.008418,-0.01578,-0.008741,-0.008767,0.00417,-0.008566
"1248",20191216,0.006471,0.011122,-0.014991,0.003874,-0.001557,0.006807
"1249",20191217,-0.005401,-0.004571,-0.006267,0.006116,-0.006932,0.010792
"1250",20191218,-0.002069,0.002727,-0.012613,-0.001013,-0.002269,0.002315
"1251",20191219,0.008681,-0.00687,0.007299,-0.004998,0.013818,0.003593
"1252",20191220,0.010918,0.007926,0,-0.000801,0.017081,0.003964
"1253",20191223,0,0.005004,0.011786,-0.000292,0.00475,0.003184
"1254",20191224,-0.000191,-0.003841,0.002688,0.00277,0.003039,-0.002159
"1255",20191226,0.008197,0.001571,0.003575,0.010612,0.006901,0.015778
"1256",20191227,0.001828,-0.003422,-0.004452,0.000719,0.004346,-0.002004
"1257",20191230,-0.008619,-0.005866,-0.008945,-0.003665,-0.007657,-0.002008
"1258",20191231,0.000698,0.004318,0.00722,0.005554,0.003858,0.004779
